,Champion Name,Win Rate,Mean,Maximum,Minimum,q3,q1,iqr,median,champion
0,Aatrox,"[52, 59, 49, 56, 51, 47, 47, 50, 58, 48, 48, 55, 45, 59, 44, 50, 46, 41, 50, 47, 67, 48, 60, 62, 46, 52, 53, 58, 59, 57, 47, 50, 53, 64, 54, 50, 55, 57, 59, 49, 44, 70, 38, 62, 56, 68, 61, 63, 54, 44, 59, 56, 63, 64, 70, 65, 59, 39, 50, 45, 50, 56, 38, 50, 59, 56, 52, 51, 52, 50, 67, 52, 47, 55, 61, 58, 47, 50, 62, 52, 50, 65, 45, 48, 52, 59, 47, 71, 48, 42, 59, 57]",53.69565217391305,71,38,59.0,48.0,11.0,52.0,Aatrox
1,Ahri,"[68, 49, 67, 70, 51, 51, 59, 61, 43, 55, 45, 70, 57, 59, 55, 51, 77, 50, 54, 50, 61, 63, 38, 65, 52, 52, 63, 53, 59, 53, 57, 57, 58, 55, 56, 64, 60, 49, 53, 65, 56, 69, 58, 65, 69, 56, 59, 57, 28, 71, 63, 54, 39, 56, 63, 69, 39, 70, 54, 59, 68, 58, 70, 54, 60, 61, 50, 48, 54, 63, 58, 83, 47, 53, 56, 73, 67, 63, 59, 56, 56, 63, 83, 52, 53, 62]",58.127906976744185,83,28,63.0,53.0,10.0,57.5,Ahri
2,Akali,"[53, 50, 46, 50, 61, 63, 60, 66, 53, 61, 55, 50, 69, 56, 30, 54, 56, 43, 67, 57, 77, 59, 69, 50, 44, 53, 52, 42, 58, 29, 58, 54, 50, 47, 67, 60, 70, 40, 42, 61, 45, 55, 55, 44, 44, 42, 38, 57, 69, 42, 52, 61, 62, 65, 74, 47, 56, 68, 65, 52, 53, 74, 57, 55, 58, 54, 40, 57, 35, 71, 67, 47, 54, 57, 52, 55, 52, 55, 62, 57, 53, 55, 60, 55, 54, 50, 58, 52, 30, 54, 70, 60, 64, 45, 44, 47, 47, 48, 52, 75, 64, 63, 53, 45, 45, 56, 50, 42, 56, 39, 42, 37, 41, 48, 56, 55, 65, 23, 59, 58, 69, 68, 57, 49, 50, 23, 49, 67, 59, 46, 42, 46, 58, 59, 42, 50, 66, 68, 46, 50, 48, 63, 67, 41, 57, 40, 54, 54, 81, 64, 67, 57, 54, 70, 59, 63, 53, 56, 45]",54.17610062893082,81,23,60.5,47.0,13.5,55.0,Akali
3,Akshan,"[63, 52, 59, 47, 64, 56, 54, 54, 50, 59, 55, 46, 50, 63, 66, 58, 52, 63, 58, 37, 55, 59, 82, 60, 42, 51, 67, 59, 61, 72, 54, 39, 38, 58, 52, 61, 55, 50, 60, 71, 50, 59, 62, 42, 61, 61, 64, 67, 63, 60, 56, 40, 47, 64, 50, 48, 74, 49, 30, 50, 48, 71, 31, 47, 56, 47, 68, 42, 59, 53, 63, 69, 80, 67, 67, 58, 62, 31, 32, 50, 51, 50, 63, 64, 50, 53, 58, 47, 53, 65, 56, 56, 54, 64, 55, 63, 57, 58, 54, 56, 68, 50, 60, 44, 65, 66, 60, 33, 68, 61, 60, 44, 61, 59, 52, 59, 55, 68, 56, 50, 42, 58, 35, 51, 68, 50, 56, 45]",55.6328125,82,30,62.25,50.0,12.25,56.0,Akshan
4,Alistar,"[53, 76, 69, 67, 54, 62, 40, 61, 63, 55, 58, 45, 56, 53, 64, 60, 61, 69, 56, 62, 51, 62, 56, 47, 50, 49, 58, 43, 59, 69]",57.6,76,40,62.0,53.0,9.0,58.0,Alistar
5,Amumu,"[67, 58, 59, 48, 62, 63, 61, 44, 48, 57, 56, 67, 79, 66, 57]",59.46666666666667,79,44,64.5,56.5,8.0,59.0,Amumu
6,Anivia,"[57, 65, 65, 53, 47, 53, 62, 67, 27, 54, 49, 80, 45, 47, 43, 65, 58, 38, 53, 54, 52, 54, 50, 57, 70, 54, 65, 56, 56, 42, 65, 53, 45]",54.57575757575758,80,27,62.0,49.0,13.0,54.0,Anivia
7,Annie,"[54, 57, 61, 62, 79, 63, 65, 59, 63, 58, 67, 63, 60, 66, 54, 49, 45, 63, 45, 58, 46, 67, 64, 61]",59.541666666666664,79,45,63.25,56.25,7.0,61.0,Annie
8,Aphelios,"[38, 50, 50, 50, 67, 60, 56, 48, 53, 76, 51, 63, 45, 61, 63, 50, 51, 59, 56, 65, 53, 43, 54, 58, 42, 52, 60, 57, 50, 57, 70, 47, 54, 43, 64, 57, 53, 55, 36, 50, 52, 50, 59, 53, 48, 56, 43, 53, 54, 65, 61, 36, 50, 50, 50, 38, 51, 41, 58, 67, 65, 46, 55, 64, 48, 43, 50, 68, 37, 56, 42, 61, 47, 41, 41, 71, 42, 38, 46, 45, 36, 50, 47, 54, 57, 52, 42, 47, 50, 66, 26, 47, 60, 55, 41, 45, 51, 54, 46, 43, 64, 63, 61, 58, 64, 52, 63, 60, 53, 42, 48, 60, 56, 46, 50, 50, 44, 59]",52.28813559322034,76,26,58.75,46.25,12.5,52.0,Aphelios
9,Ashe,"[59, 76, 36, 61, 61, 25, 68, 65, 62, 50, 67, 66, 78, 45, 55, 46, 39, 71, 38, 74, 53, 59, 31, 62, 56, 62, 60, 37, 59]",55.89655172413793,78,25,65.0,46.0,19.0,59.0,Ashe
10,Aurelion Sol,"[53, 48, 64, 56, 57, 56, 55, 56, 55, 46, 51, 51]",54.0,64,46,56.0,51.0,5.0,55.0,Aurelion Sol
11,Azir,"[52, 56, 54, 65, 56, 50, 59, 54, 63, 52, 53, 47, 64, 52]",55.5,65,47,58.25,52.0,6.25,54.0,Azir
12,Bard,"[54, 59, 56, 61, 56, 61, 52, 50, 56, 69, 55, 67, 55, 63, 60, 52, 50, 51, 56, 56, 60, 56, 33, 59, 45, 58, 57, 44, 57, 55, 64, 65, 57, 63, 51, 38, 49, 41, 57, 58, 62, 65, 56, 63, 52, 48, 57, 64, 62, 47, 58, 59, 50, 60, 59, 55, 55, 51, 59, 50, 50, 62, 58, 58, 50, 49, 68, 48, 60, 69, 53, 61, 71, 53, 55, 52, 79, 38, 50, 85, 54, 64, 57, 67, 59, 58, 63, 65, 36, 71, 57, 55, 60, 70, 47]",56.73684210526316,85,33,61.0,52.0,9.0,57.0,Bard
13,Blitzcrank,"[79, 56, 58, 53, 63, 50, 60, 61, 57, 57, 50, 60, 48, 50, 65, 58, 67, 47, 66, 64, 71, 62, 61, 67, 56, 71, 53, 31, 52, 82, 63, 74, 51, 63, 61, 56, 63, 53, 55, 59, 68, 81, 63, 50, 73, 58, 68, 69, 64, 52, 48, 46, 38, 81, 58, 60, 64, 53, 48, 63, 73, 88, 65, 59, 71, 74, 63, 47, 52, 59, 75, 88, 57, 59, 56, 69, 52, 64, 48, 71, 51, 64, 75, 61, 47, 60, 80, 62, 70, 47, 75, 67, 59, 55, 54, 45, 68, 44, 53, 44, 48, 48, 52, 60, 54, 58, 59, 62]",60.092592592592595,88,31,66.25,52.75,13.5,59.5,Blitzcrank
14,Brand,"[52, 56, 55, 35, 44, 56, 58, 65, 46, 51, 50, 52, 52, 73, 61, 58, 55, 64, 52, 70, 69]",55.904761904761905,73,35,61.0,52.0,9.0,55.0,Brand
15,Braum,"[65, 62, 48, 56, 59, 58, 57, 39, 74, 53, 53, 59, 48, 58, 37]",55.06666666666667,74,37,59.0,50.5,8.5,57.0,Braum
16,Caitlyn,"[52, 44, 67, 58, 60, 55, 56, 57, 57, 39, 55, 51, 62, 63, 59, 54, 50, 59, 50, 65, 40, 56, 67, 52, 44, 49, 44, 63, 64, 69, 55, 57, 56, 54, 67, 71, 49, 47, 48, 67, 59, 52, 52, 45, 62, 44, 50, 36, 54, 48, 44, 64, 40, 67, 52, 59, 39, 43, 54, 56, 53, 52, 65, 51, 50, 56, 45, 66, 78, 82, 57, 69, 63, 68, 59, 50, 66, 60, 53, 70, 46, 50, 45, 61, 52, 65, 60, 44, 65, 60, 58, 57, 56, 60, 52, 38, 56, 47, 39, 48, 51, 44, 60, 61, 44, 48, 55, 36, 44, 52, 57, 45, 59, 56, 53, 70, 49, 68, 67, 54, 52, 52, 45, 48, 68, 61, 53, 64, 48, 50, 61, 44, 59, 59, 50, 54, 57, 50, 52, 58, 68, 44, 67, 57, 47, 45, 56, 50, 61, 67, 53, 65, 35, 53, 58, 55, 55, 67, 86, 56, 63, 62, 53, 56, 42, 49, 53, 59, 55, 60, 56, 68, 47, 52, 71, 50, 52, 44, 58, 65, 56, 56, 67, 52, 50, 57, 65, 62, 54, 48, 67, 50, 58, 57, 62, 42, 53, 71, 52, 75, 40, 47, 52, 50, 62, 54, 50, 55, 71, 50, 45, 35, 42, 53, 51, 61, 75, 45, 56, 57, 57, 54, 53, 67, 45, 40, 42, 60, 59, 57, 56, 68, 53, 57, 59, 45, 51, 51, 45, 72, 40, 39, 47, 55, 55, 53, 58, 65, 57, 57, 54, 63, 46, 50, 48, 59, 42, 61, 60, 67, 60, 55, 51, 57, 71, 49, 59, 40, 53, 58, 38, 50, 57, 56, 57, 39, 50, 39, 70, 62, 48, 71, 44, 52, 74, 74, 62, 63, 55, 57, 58, 20, 52, 59, 62, 50, 58, 31, 42, 69, 67, 55, 58, 55, 50, 54, 50, 60, 41, 81, 37, 50, 61, 35, 54, 65, 48, 65, 40, 55, 57, 59, 58, 56, 63, 65, 53, 50, 62, 52, 53, 46, 54]",54.93993993993994,86,20,60.0,50.0,10.0,55.0,Caitlyn
17,Camille,"[54, 58, 65, 60, 45, 44, 53, 57, 68, 53, 59, 61, 59, 68, 42, 50, 47, 53, 50, 55, 52, 56, 55, 53, 48, 44, 59, 50, 51, 44, 50, 32, 47, 71, 58, 61, 56, 53, 62, 52, 59, 54, 65, 62, 66, 55, 61, 38, 51, 37, 55, 52, 65, 59, 50, 54, 58, 66, 41, 63, 71, 58, 52, 51, 56, 39, 60, 75, 47, 62, 55, 37, 70, 44, 57, 58, 61, 58, 47, 56, 56, 59, 75, 41, 59, 58, 57, 44, 60, 60, 46, 45, 53, 60, 65, 50, 53, 55, 54, 50, 56, 56, 52, 59, 55, 64, 68, 45, 61, 63, 52, 55, 52, 62, 59, 53, 64, 45, 45, 54, 72, 57, 53, 49, 55, 55, 50, 56, 71, 51, 29, 61, 38, 73, 56, 52, 35, 71, 60, 68, 44, 64, 60, 56, 58, 46, 36, 65, 63, 52, 60, 55, 74, 65, 49, 47, 52, 44, 55, 42, 41, 62, 57, 63, 57, 40, 59, 73, 72, 65, 56, 56, 38, 62, 49]",55.137142857142855,75,29,60.5,50.0,10.5,56.0,Camille
18,Cassiopeia,"[53, 53, 74, 56, 81, 57, 60, 55, 62, 56, 58, 59, 48, 51, 63, 54, 43, 52, 54, 54, 53, 56, 72, 55, 54, 65, 81, 38, 56, 53, 63, 50, 59, 71, 48, 56, 72, 67, 60, 54, 49, 39]",57.476190476190474,81,38,61.5,53.0,8.5,56.0,Cassiopeia
19,Cho'Gath,"[52, 61, 62, 61, 61, 59, 63, 53, 63, 61, 52, 58, 53, 56, 57, 70, 66, 60, 48, 44, 68, 50, 58]",58.08695652173913,70,44,61.5,53.0,8.5,59.0,Cho'Gath
20,Corki,"[63, 76, 57, 59, 65, 58, 62, 62, 56, 48, 44, 53, 44, 40, 65, 50, 50, 41, 50, 61, 53, 51, 41, 57, 70, 47, 67, 59, 65, 56, 52, 67, 72, 53, 61, 71, 57, 59, 50, 50, 40, 58, 56, 63, 52, 35, 51, 59, 61, 61, 40, 37, 60, 53, 75, 56, 60, 65, 28, 52, 78, 57, 61, 45, 63, 53, 52, 52, 55, 76, 45, 46, 35, 57, 44, 55, 64, 50, 57, 48, 50, 63, 69, 63, 52, 47, 38, 63, 52, 60, 67, 67, 56, 60, 42, 43, 56, 57, 53]",55.303030303030305,78,28,61.5,50.0,11.5,56.0,Corki
21,Darius,"[58, 44, 45, 57, 69, 53, 60, 56, 53, 54, 44, 41, 74, 62, 48, 46, 66, 57, 57, 52, 63, 54, 57, 42, 61, 50, 50, 56, 53, 56, 72, 73, 53, 52, 61, 64, 55, 56, 49, 52, 70, 56, 53, 48, 69, 55, 42, 50, 74, 65, 53, 69, 57, 65, 69, 73, 67, 56, 50, 67, 54, 67, 48, 57, 56, 48, 50, 58, 61, 56, 65, 47, 51, 38, 53, 50, 48, 57, 64, 56, 55, 52, 58, 51, 48, 44, 46, 60, 61, 64, 45, 58, 56, 48, 48, 50, 56, 59, 58, 52]",55.86,74,38,61.0,50.0,11.0,56.0,Darius
22,Diana,"[52, 43, 51, 71, 63, 55, 56, 56, 48, 56, 70, 67, 61, 63, 57, 59, 66, 55, 56, 68, 24, 57, 63, 66, 58, 50, 61, 61, 49, 58, 53, 56, 62, 66, 61, 53, 50, 44, 67, 48, 59, 55, 50, 56, 52, 58, 45, 45, 53, 48, 55, 59, 59, 66, 56, 64, 48, 47, 58, 48, 57, 75, 50, 57, 53, 66, 69, 53, 50, 65, 63, 51, 29, 58, 42, 65, 44, 56, 56, 42, 47, 47, 61, 51, 56, 50, 39, 60, 74, 37, 41, 58, 55, 54, 45, 63, 77, 49, 53, 50, 58, 61, 55, 47, 47, 63, 47, 70, 55, 54, 57, 51, 63, 61, 56, 54, 65, 59, 61, 44, 62, 72, 64, 54, 44, 25, 57, 55, 44, 47, 47, 50, 61, 43, 54, 51, 51, 26, 68, 52, 41, 65, 69, 54, 70, 58, 55, 58, 59, 63, 56, 58, 65, 57, 57, 62, 58, 59, 51, 51, 62, 60, 56, 63, 50, 56, 43, 47, 50, 82, 67, 65, 48, 68, 48, 57, 71, 45, 63, 50, 53, 51, 56, 60, 38, 50, 65, 67, 37, 53, 41, 42, 49, 75, 70, 54, 59]",55.43654822335025,82,24,61.0,50.0,11.0,56.0,Diana
23,Dr. Mundo,"[50, 56, 54, 57, 67, 57, 47, 52, 55, 62, 39, 61, 62, 40, 44, 62, 52, 59, 65, 53, 58, 41, 59, 57, 60, 48, 68, 55, 72, 55]",55.56666666666667,72,39,60.75,52.0,8.75,56.5,Dr. Mundo
24,Draven,"[48, 51, 58, 56, 58, 55, 48, 58, 63, 65, 65, 60, 54, 50, 62, 51, 50, 60, 56, 62, 50, 53, 61, 40, 59, 73, 54, 54, 51, 49, 54, 69, 59, 57, 48, 45, 63, 42, 55, 65, 58, 58, 44, 56, 51, 59, 42, 47, 57, 51, 56, 48, 50, 64, 62, 64, 56, 68, 65, 58, 51, 43, 50, 62, 64, 49, 65, 55, 38, 63, 54, 53, 55, 50, 47, 59, 62, 47, 52, 58, 41, 50, 58, 52, 53, 38, 38, 43, 48, 53, 46, 50, 51, 59, 52, 52, 44, 63, 60, 54, 58, 41]",54.1764705882353,73,38,59.0,50.0,9.0,54.0,Draven
25,Ekko,"[56, 49, 58, 47, 59, 53, 56, 48, 37, 54, 50, 55, 53, 57, 53, 51, 54, 56, 52, 62, 31, 49, 65, 62, 67, 66, 60, 57, 39, 54, 57, 50, 56, 56, 58, 58, 32, 56, 59, 57, 50, 55, 62, 64, 38, 52, 68, 59, 53, 65, 54, 63, 47, 57, 44, 50, 61, 68, 44, 58, 77, 52, 51, 58, 53, 50, 62, 63, 54, 49, 57, 57, 61, 38, 78, 55, 50, 57, 46, 68, 56, 50, 69, 38, 58, 52, 70, 38, 59, 50, 50, 54, 53, 68, 52, 50, 58, 62, 50, 53, 50, 45, 60, 44, 38, 75, 76, 84, 53, 61, 53, 55, 54, 53, 62, 79, 59, 32, 51, 58, 54, 68, 55, 47, 50, 69, 53, 57, 68, 42, 51, 59, 56, 70, 63, 46, 50, 38, 47, 56, 78, 68, 33, 59, 56, 36, 58, 47, 45, 49, 58, 64, 59, 50, 64, 78]",55.32051282051282,84,31,60.0,50.0,10.0,55.0,Ekko
26,Elise,"[68, 58, 68, 55, 50, 50, 53, 81, 50, 63, 66, 67, 59, 48, 62, 54, 64, 45, 50, 58, 69, 49, 59, 82, 53, 44, 66, 53, 58, 55, 67]",58.83870967741935,82,44,66.0,51.5,14.5,58.0,Elise
27,Evelynn,"[50, 60, 41, 68, 65, 56, 33, 63, 54, 61, 55, 71, 52, 53, 56, 56, 46, 65, 56, 53, 53, 59, 54, 75, 39, 48, 58, 54, 52, 70, 46, 61, 67, 46, 56, 60, 57, 44, 63, 48, 62, 50, 48, 52, 52, 33, 44, 45, 66, 47, 51, 63, 43]",54.339622641509436,75,33,61.0,48.0,13.0,54.0,Evelynn
28,Ezreal,"[59, 59, 53, 63, 52, 41, 54, 58, 44, 69, 76, 71, 56, 50, 53, 63, 52, 63, 45, 55, 52, 39, 65, 58, 55, 37, 42, 50, 52, 38, 58, 52, 73, 50, 64, 53, 72, 45, 50, 59, 62, 47, 46, 57, 39, 56, 47, 56, 62, 41, 46, 43, 52, 43, 55, 59, 71, 54, 51, 49, 62, 56, 50, 50, 53, 47, 52, 65, 59, 56, 56, 56, 58, 65, 52, 50, 44, 50, 57, 42, 45, 55, 47, 69, 64, 52, 48, 48, 50, 57, 57, 50, 32, 56, 61, 48, 44, 43, 51, 41, 57, 61, 42, 53, 39, 35, 66, 59, 69, 50, 63, 51, 65, 75, 50, 73, 62, 50, 50, 50, 53, 62, 51, 56, 62, 73, 48, 53, 57, 72, 51, 61, 63, 67, 37, 44, 61, 43, 37, 64, 48, 66, 43, 56, 61, 66, 45, 61, 44, 58, 59, 57, 42, 57, 56, 58, 60, 53, 37, 63, 55, 44, 37, 60, 67, 55, 35, 63, 57, 46, 35, 57, 59, 65, 43, 52, 61, 63, 64, 41, 52, 54, 54, 61, 58, 56, 47, 52, 57, 63, 52, 63, 61, 53, 52, 54, 55, 53, 59, 52, 59, 58, 50, 68, 59, 35, 54, 36, 47, 65, 49, 55, 50, 56, 54, 41, 39, 38, 66, 49, 65, 50, 63, 33, 70, 49, 63, 63, 54, 41, 54, 42, 50, 53, 42, 50, 50, 54, 56, 50, 50, 72, 53, 35, 29, 37, 56, 56, 53, 67, 53, 54, 47, 62, 44, 46, 60, 57, 68, 64, 37, 66, 57, 53, 61, 52, 50, 42, 54, 67, 42, 58, 52, 53, 39, 56, 56, 58, 64, 59, 55, 50, 56, 54, 61, 50, 43, 61, 50]",53.719723183391004,76,29,60.0,49.0,11.0,54.0,Ezreal
29,Fiddlesticks,"[54, 56, 57, 61, 57, 57, 63, 53, 71, 56, 81, 36, 49, 56, 70, 56, 51, 53, 78, 50, 50, 58, 50, 69, 45, 64, 84, 66, 58, 67, 64, 80, 65, 56, 53, 56, 53, 56, 53, 64, 54, 72, 56, 64, 74, 47, 61, 63]",59.729166666666664,84,36,64.25,53.0,11.25,57.0,Fiddlesticks
30,Fiora,"[64, 48, 55, 60, 45, 52, 64, 52, 59, 62, 55, 38, 57, 60, 63, 52, 44, 55, 69, 58, 53, 53, 75, 65, 56, 59, 55, 38, 39, 51, 53, 61, 60, 52, 51, 51, 45, 54, 57, 58, 39, 58, 50, 68, 60, 58, 65, 43, 50, 47, 60, 52, 48, 59, 61, 50, 72, 64, 49, 61, 69, 57, 50, 50, 50, 48, 61, 54, 53, 50, 49, 48, 64, 51, 50, 55, 52, 55, 52, 35, 59, 75, 47, 56, 60, 37, 49, 55, 48, 61, 42, 51, 55, 54, 46, 66, 55, 65]",54.55102040816327,75,35,60.0,50.0,10.0,54.5,Fiora
31,Fizz,"[53, 58, 56, 70, 58, 50, 68, 51, 54, 64, 57, 51, 53, 58, 53, 69, 59, 62, 53, 52, 55, 59, 57, 63, 69, 45, 50, 74, 44, 64, 67, 51, 56, 45, 58, 60, 56, 61, 70, 38, 46, 58, 52, 53, 63, 65, 64, 70, 55, 53, 64, 56, 50, 65, 63, 63, 48, 61, 70, 61, 55, 69, 35, 57, 72, 57, 63, 64, 47, 68]",57.97142857142857,74,35,64.0,53.0,11.0,58.0,Fizz
32,Galio,"[59, 56, 58, 58, 61, 51, 54, 56, 63, 47, 50, 65, 52, 89, 51, 62, 58, 42, 62, 54, 56, 50, 51, 58, 68, 56, 43, 60, 44, 56, 65, 41, 50, 61, 67]",56.4,89,41,61.0,51.0,10.0,56.0,Galio
33,Gangplank,"[54, 63, 55, 54, 47, 53, 56, 24, 52, 48, 63, 56, 70, 44, 53, 56, 47, 48, 77, 50, 65, 60, 57, 49, 58, 53, 55, 62, 54, 58, 47, 53, 47, 55, 58, 37, 37, 70, 57, 49, 55, 50, 67, 47, 61, 62, 58, 50, 42, 66, 48, 68, 63, 57, 61, 63, 60, 58, 59, 48, 50, 54, 57, 65, 55, 53, 51, 26, 49, 38, 49, 51, 65, 44, 69, 44]",54.13157894736842,77,24,60.0,49.0,11.0,54.5,Gangplank
34,Garen,"[38, 63, 52, 61, 63, 67, 56, 51, 60, 50, 61, 67, 44, 51, 65, 59, 71, 36, 54, 58, 61, 53, 49, 63, 48, 58, 49, 57, 62, 63, 62, 71, 53, 63, 59, 65, 53, 50, 60, 54, 50, 68, 59, 45, 52, 50, 47, 59, 56, 49, 51, 49]",56.05769230769231,71,36,62.0,50.0,12.0,56.5,Garen
35,Gnar,"[59, 54, 56, 57, 49, 63, 55, 63, 57, 56, 48, 55, 56, 44, 57, 62, 53, 67, 32, 50, 57, 70, 44, 57, 66, 50, 47, 44, 64]",54.89655172413793,70,32,59.0,50.0,9.0,56.0,Gnar
36,Gragas,"[74, 57, 52, 59, 57, 58, 64, 65, 60, 52, 70, 58, 50, 38, 62, 23, 54, 72, 56, 53, 71, 52, 50, 53, 35, 66, 47, 53, 58, 58, 60, 62, 47, 48, 55, 39, 70, 55, 56, 38, 67, 59, 78, 46, 71, 63, 53, 50, 47, 50, 60, 56, 62, 48, 60, 50, 55, 47, 56, 56, 53, 55, 67, 48]",55.6875,78,23,60.5,50.0,10.5,56.0,Gragas
37,Graves,"[60, 69, 41, 56, 44, 50, 58, 56, 57, 50, 55, 34, 52, 38, 56, 59, 58, 75, 59, 50, 63, 62, 66, 42, 44, 52, 45, 41, 64, 61, 60, 61, 67, 37, 67, 49, 53, 56, 65, 60, 56, 59, 56, 63, 58, 56, 61, 24, 58, 73, 41, 59, 52, 68, 60, 55, 57, 64, 47, 43, 45, 60, 52, 47, 59, 70, 52, 53, 57, 68, 50, 56, 46, 59, 50, 56, 53, 69, 73, 57, 41, 52, 75, 56, 53, 62, 58, 69, 51, 53, 42, 65, 40, 33, 62, 63, 58, 61, 64, 63, 43, 48, 67, 44, 32, 61, 68, 40, 52, 50, 61, 65, 44, 63, 42, 44, 55, 60, 36, 63, 45, 50, 55, 61, 65, 62, 60, 41, 62, 61, 52, 55, 56, 59, 70, 41, 64, 32, 58, 58, 31, 54, 47, 54, 50, 65, 62, 64, 61, 44, 61, 51, 52, 65, 48, 38, 32, 62, 56, 50, 51, 48, 63, 51, 60, 54, 59, 59, 52, 54, 71, 50, 62, 62, 61, 50, 57, 54, 62, 53, 60, 48, 50, 57, 41, 47, 8, 48, 48, 57, 60, 53, 55, 67, 63, 31, 54, 32, 55, 56, 47, 52, 56, 56, 37, 46, 46, 57, 54, 50, 44, 39, 56, 35, 58, 48, 47, 42, 67, 56, 52, 38, 31, 57, 69, 47, 81, 44, 67, 31, 48, 36, 65, 64, 47, 58, 49, 63, 48, 72, 66, 69, 47, 47, 59, 44, 59, 53, 56, 57, 47, 55, 53, 57, 39, 44]",53.8359375,81,8,61.0,47.75,13.25,55.5,Graves
38,Gwen,"[43, 47, 41, 53, 44, 73, 64, 54, 71, 58, 42, 58, 61, 61, 58, 47, 35, 32, 52, 55, 68, 56, 65, 62, 53, 56, 52, 63, 59, 55, 50, 55, 59, 61, 53, 65, 55, 52, 59, 52, 38, 50, 53, 43, 62, 31, 58, 68, 40, 33, 59, 23, 50, 72, 53, 59, 58, 35, 60, 53, 63, 66, 44, 48, 44, 45, 52, 52, 52, 56, 44, 52, 76, 37, 56, 68, 53, 55, 53, 48, 56, 39, 50, 45, 50, 54, 58, 52, 42, 55, 50, 54, 53, 61, 65, 45, 65, 68, 65, 63, 68, 59, 61, 44, 62, 61, 50, 33, 62, 42, 68, 45, 71, 59, 73, 47, 59]",53.97435897435897,76,23,61.0,48.0,13.0,54.0,Gwen
39,Hecarim,"[58, 63, 58, 63, 58, 61, 56, 64, 58, 44, 73, 59, 48, 50, 56, 56, 63, 53, 60, 62, 55, 42, 56, 56, 54, 57, 53, 69, 56, 51, 70, 52, 60, 52, 57, 43, 54, 57, 52, 42, 48, 64, 62, 53, 62, 60, 58, 55, 55, 57, 48, 63, 54, 57, 41, 55, 59, 61, 54, 58, 46, 52, 57, 47, 63, 49, 50, 56, 42, 55, 59, 58, 76, 57, 61, 63, 54, 59, 39, 63, 67, 50, 53, 76, 64, 70, 41, 65, 45, 50, 75, 73, 53, 61, 65, 50, 69, 53, 55, 60, 44, 57, 49, 53, 55, 43, 42, 62, 51, 78, 52, 46, 50, 50, 58, 49, 63, 85, 53, 51, 50, 59, 60, 41, 60, 55, 58, 52, 56, 42, 52, 51, 52, 61, 60, 44, 55, 65, 48, 60, 44, 35, 61, 59, 69, 51, 59, 48, 54, 43, 59, 46, 72, 57, 68, 69, 60, 67, 63, 57, 50, 56, 67, 38, 41, 55, 70, 50, 65, 56, 40, 64, 66, 52, 63, 65, 61, 60, 79, 40, 63, 59, 63, 50, 48, 52, 47, 37, 44, 60, 45, 66]",56.046875,85,35,61.0,50.0,11.0,56.0,Hecarim
40,Heimerdinger,"[43, 60, 47, 55, 63, 53, 61, 56, 45, 64, 59, 56, 57, 58, 52, 76, 45, 55, 51, 48, 51]",55.0,76,43,59.0,51.0,8.0,55.0,Heimerdinger
41,Illaoi,"[51, 57, 57, 63, 65, 55, 53, 58, 41, 49, 56, 69]",56.166666666666664,69,41,59.25,52.5,6.75,56.5,Illaoi
42,Irelia,"[44, 43, 58, 62, 47, 56, 53, 53, 30, 57, 41, 67, 56, 63, 28, 53, 60, 37, 64, 60, 48, 70, 54, 54, 58, 63, 64, 41, 53, 53, 52, 48, 52, 51, 61, 41, 43, 46, 45, 44, 56, 64, 56, 49, 56, 48, 58, 45, 60, 35, 46, 54, 39, 50, 56, 60, 67, 48, 39, 49, 35, 46, 55, 43, 28, 54, 56, 50, 73, 64, 63, 50, 55, 58, 52, 45, 53, 50, 61, 59, 58, 49, 68, 58, 69, 44, 81, 47, 53, 48, 56, 60, 52, 81, 53, 70, 56, 53, 44, 44, 58, 69, 52, 78, 58, 64, 63, 58, 78, 56, 52, 54, 54, 48, 55, 45, 55, 55]",53.847457627118644,81,28,58.75,48.0,10.75,54.0,Irelia
43,Ivern,"[40, 54, 71, 47, 82, 65, 54, 62, 62, 71, 49, 68, 51, 63, 61, 66, 58, 52, 57, 60, 57, 43, 64, 47]",58.5,82,40,64.25,51.75,12.5,59.0,Ivern
44,Janna,"[68, 59, 56, 79, 65, 49, 63, 61, 51, 58, 35, 55, 62, 60, 55, 59, 47, 55, 53, 46, 63, 53, 67, 45, 68, 61, 59, 60, 57, 50, 50, 45, 52, 50, 54, 68, 44, 50, 56, 58, 65, 65, 46, 55, 71, 67, 50, 69, 72, 53, 58, 50, 76, 75, 56, 44, 58, 60, 37, 76, 56, 63, 59, 58, 65, 45, 53, 75, 50, 61, 70, 53, 61, 61, 70, 51, 45, 48, 62, 47, 63, 44, 63, 70, 75, 48, 59, 62, 51, 58, 58, 64, 53, 58, 52, 53, 62, 52, 80, 62, 53, 43, 67, 50, 50, 63, 55, 63, 52, 60, 37, 65, 51, 58, 65, 50, 56, 54, 44, 63, 61, 41, 63, 54, 54, 67, 67, 67, 67, 67, 52, 56, 56, 53, 70, 66, 61, 58, 57, 57, 75, 55, 52, 52, 50, 57, 57, 58, 50, 70, 53, 41, 69, 56, 63, 44, 51, 42, 72, 58, 53, 62, 53, 51, 60, 49, 63, 56, 50, 57, 37, 49, 65, 55, 58, 58, 74, 68, 69, 37, 54, 69, 64, 53, 61, 59, 61, 71, 66, 60, 65, 65, 61, 52, 64, 72, 53, 63, 68, 56, 63, 62]",57.886138613861384,80,35,63.0,52.0,11.0,58.0,Janna
45,Jarvan IV,"[59, 65, 52, 91, 52, 51, 33, 50, 49, 50, 50, 49, 52, 55, 68, 56, 56, 38, 59, 74, 61, 43, 56, 63, 58, 67, 58, 47, 57, 52, 55, 47, 54, 49, 49, 61, 71, 59, 54, 62, 61, 44, 50, 50, 59, 58, 56, 67, 67, 46, 54, 70, 69, 59, 57, 59, 68, 51, 71, 61, 44, 50, 47, 58, 69, 64]",56.68181818181818,91,33,61.0,50.0,11.0,56.0,Jarvan IV
46,Jax,"[51, 57, 40, 48, 42, 60, 46, 53, 47, 62, 51, 65, 65, 48, 58, 61, 53, 69, 63, 59, 64, 56, 37, 64, 57, 52, 63, 58, 53, 56, 62, 35, 54, 53, 54, 55, 53, 82, 62, 59, 62, 52, 63, 78, 75, 50, 61, 69, 72, 61, 69, 67, 65, 44, 50, 49, 66, 54, 58, 65, 63, 65, 31, 53, 56, 50, 73, 55, 43, 69, 47, 57, 52, 56, 66, 53, 58, 50, 53, 40, 59, 58, 40, 50, 54]",56.56470588235294,82,31,63.0,51.0,12.0,56.0,Jax
47,Jayce,"[49, 49, 65, 71, 54, 37, 56, 60, 56, 52, 50, 46, 67, 75, 61, 38, 50, 53, 55, 61, 56, 44, 65, 88, 43, 50, 33, 44, 48, 48, 50, 51, 52, 51, 50, 60, 54, 58, 50, 50, 38, 68, 69, 50, 43, 45, 52, 48, 35, 57, 49, 31, 63, 50, 47, 61, 54, 47, 67, 54, 50, 60, 38, 47, 56, 53, 57, 52, 61, 56, 56, 57, 56, 56, 66, 59, 61, 58, 56, 58, 48, 46, 59, 38, 55, 50, 48, 70, 49, 56, 41, 44, 61, 46, 34, 50, 48, 67, 71, 58, 50, 59, 52, 52, 51, 55, 66, 45, 57, 46, 52, 41, 58, 50, 56, 69, 60, 40, 50, 60, 30, 58, 41]",53.073170731707314,88,30,58.0,48.0,10.0,52.0,Jayce
48,Jhin,"[53, 52, 59, 26, 59, 78, 58, 54, 55, 44, 61, 31, 50, 47, 52, 48, 71, 50, 41, 56, 62, 62, 55, 55, 56, 53, 50, 54, 43, 46, 38, 53, 72, 56, 70, 55, 67, 45, 58, 51, 47, 61, 37, 58, 57, 57, 52, 53, 45, 57, 53, 44, 63, 56, 56, 67, 44, 56, 65, 46, 50, 50, 61, 51, 29, 55, 48, 70, 58, 57, 57, 59, 66, 44, 56, 55, 58, 60, 53, 58, 75, 56, 45, 50, 54, 57, 29, 62, 44, 35, 58, 39, 52, 54, 60, 53, 42, 69, 52, 59, 50, 55, 50, 58, 32, 44, 61, 53, 47, 47, 48, 54, 58, 55, 51, 60, 63, 68, 52, 73, 47, 57, 58, 56, 44, 60, 47, 47, 68, 55, 55, 58, 50, 50, 48, 58, 46, 61, 72, 44, 44, 48, 75, 62, 70, 41, 53, 63, 58, 53, 41, 52, 50, 63, 46, 55, 50, 43, 37, 62, 53, 63, 48, 74, 53, 38, 61, 64, 56, 60, 52, 58, 64, 56, 53, 50, 56, 54, 45, 50, 65, 53, 57, 53, 41, 57, 57, 49, 51, 56, 43, 41, 55, 55, 81, 62, 52, 44, 56, 46, 56, 62, 44, 48, 46, 62, 52, 53, 44, 52, 48, 64, 67, 59, 65, 61, 46, 61, 59, 46, 48, 70, 49, 59, 68, 57, 50, 46, 59, 36, 65, 54, 44, 57, 49, 63, 37, 58, 67, 53, 64, 59, 49, 43, 64, 56, 55, 61, 59, 43, 56, 56, 55, 49, 41, 57, 56, 56, 64, 49, 39, 63, 50, 57, 50, 63, 66, 53, 75, 52, 29, 52, 49, 45, 58, 58, 54, 54, 56, 50, 65, 47, 61, 53, 61, 55, 53, 78, 40, 60, 51, 59, 49, 50, 50, 85, 38, 52, 45, 52, 62, 52, 56, 58, 71, 48, 53, 56, 48, 76, 44, 47, 48, 50, 43, 59, 59, 76, 65, 49, 47, 77, 63, 63, 58, 45, 46, 64, 47, 46, 67, 52, 57, 57, 38, 79, 75, 62, 52, 54, 54, 64, 63, 43, 50, 68, 58, 48, 53, 79, 41, 59, 50, 63, 60, 64, 59, 47, 58, 61, 53, 44, 61, 67, 64, 64, 58, 39, 56, 36, 47, 46, 55, 63, 61, 50, 39, 43, 45, 56, 64, 62, 65, 68, 69, 56, 57, 48, 78, 44, 35, 61, 47, 63, 56, 41, 67, 52, 30, 69, 66, 68, 43, 41, 50, 59, 68, 54, 50, 57, 68, 36, 57, 63, 66, 45, 63, 42, 55]",54.563245823389025,85,26,61.0,48.0,13.0,55.0,Jhin
49,Jinx,"[54, 47, 54, 50, 57, 50, 58, 56, 51, 47, 48, 67, 52, 60, 52, 40, 56, 62, 47, 56, 39, 50, 71, 63, 57, 52, 49, 38, 51, 56, 65, 54, 50, 63, 45, 47, 52, 52, 67, 61, 61, 41, 53, 50, 58, 52, 59, 52, 33, 81, 55, 41, 50, 63, 50, 54, 63, 52, 54, 56, 42, 46, 42, 51, 63, 43, 47, 37, 70, 57, 51, 63, 41, 54, 49, 53, 45, 49, 44, 46, 36, 43, 58, 45, 55, 41, 66, 55, 29, 60, 52, 75, 56, 50, 51, 68, 78, 61, 69, 48, 46, 67, 56, 63, 32, 58, 65, 70, 58, 43, 57, 51, 68, 48, 35, 56, 39, 56, 61, 63, 44, 57, 50, 63, 63, 44, 49, 50, 82, 54, 56, 67, 55, 59, 40, 50, 50, 64, 64, 58, 52, 59, 50, 52, 60, 63, 50, 54, 55, 44, 52, 65, 42, 46, 54, 50, 46, 56, 49, 61, 61, 56, 47, 52, 32, 55, 63, 47, 60, 74, 52, 63, 63, 73, 39, 70, 43, 42, 61, 43, 35, 58, 60, 69, 50, 60, 69, 61, 55, 75, 53, 59, 59, 41, 58, 35, 52, 53, 67, 50, 54, 50, 43, 48, 71, 73, 57, 50, 43, 70, 37, 53, 66, 52, 39, 55, 61, 54, 43, 47, 43, 64, 43, 37, 45, 60, 48, 63, 51, 54, 72, 55, 54, 52, 74, 65, 50, 63, 50, 41, 63, 47, 47, 43, 50, 56, 53, 48, 50, 59, 56, 50, 52, 61, 58, 43, 56, 63, 48, 25, 65, 47, 67, 43, 74, 61, 41, 61, 51, 55, 60, 85, 43, 58, 44, 51, 42, 51, 64, 63, 48, 53, 59, 62, 62, 50, 61, 57, 56, 50, 62, 59, 57, 50, 63, 44, 45, 50, 70, 53, 65, 64, 64, 49, 77, 54, 60, 55, 52, 64, 49, 65, 45, 43, 52, 49, 53, 48, 51, 55, 59, 50, 60, 60, 68, 60, 65, 75, 61, 59, 41, 63, 42, 41, 49, 46, 44, 61, 44, 39, 48, 67, 56, 53, 44, 48, 43, 38, 67, 45, 63, 58, 53, 47, 47, 58, 58, 50, 70, 43, 71, 72, 65, 48, 61, 58, 57, 47, 45, 53, 60, 29, 67, 56, 56, 67, 44, 74, 57, 54, 54, 58, 59, 77, 52, 76, 44, 50, 45, 47, 50, 63, 59, 56, 50, 58, 54, 69, 47, 44, 56, 56, 57, 65, 53, 19, 40, 59, 75, 56, 55, 60, 59, 61, 53, 56, 74, 42, 54, 56, 50, 57, 58, 58, 58, 51, 58, 50, 47, 43, 50, 46, 63, 56, 59, 41, 57, 62, 53, 52, 54, 61, 67, 65, 50, 55, 50, 68, 52, 46, 67, 53, 50, 52, 64, 64, 52, 56, 53, 42, 58, 61, 52, 70, 53, 50, 74, 65, 55, 52, 47, 50, 53, 46, 47, 56, 68, 68, 60, 47, 72, 56, 52, 67, 65, 53, 58, 55, 47, 48, 54, 55, 63, 39, 63, 57, 61, 65, 62, 58, 55, 75, 47, 52, 52, 52, 47, 69, 58, 55, 50, 68, 57]",54.65692007797271,85,19,61.0,49.0,12.0,54.0,Jinx
50,Kai'Sa,"[54, 44, 65, 65, 50, 63, 44, 71, 54, 44, 55, 52, 61, 55, 56, 60, 44, 61, 65, 56, 52, 50, 58, 59, 54, 56, 58, 42, 42, 55, 57, 53, 55, 44, 50, 55, 61, 69, 55, 50, 63, 52, 37, 52, 61, 48, 72, 56, 50, 52, 41, 39, 56, 47, 63, 50, 54, 52, 64, 62, 43, 53, 57, 35, 81, 37, 75, 48, 45, 52, 50, 69, 59, 66, 45, 40, 45, 57, 50, 64, 30, 63, 62, 33, 45, 63, 57, 44, 63, 61, 61, 75, 65, 54, 57, 53, 61, 61, 46, 71, 58, 55, 74, 69, 50, 38, 72, 37, 56, 59, 56, 52, 59, 53, 56, 52, 56, 53, 62, 56, 63, 63, 57, 56, 55, 53, 50, 43, 48, 52, 50, 39, 50, 57, 40, 38, 72, 56, 52, 56, 46, 50, 44, 63, 50, 70, 46, 58, 63, 59, 42, 42, 51, 52, 39, 35, 45, 50, 56, 42, 53, 55, 59, 79, 61, 72, 47, 44, 46, 50, 62, 43, 56, 56, 61, 48, 60, 67, 61, 71, 55, 67, 45, 63, 63, 45, 48, 44, 48, 58, 50, 71, 50, 63, 56, 48, 71, 71, 50, 60, 52, 66, 50, 63, 42, 63, 55, 58, 39]",54.55502392344498,81,30,61.0,48.0,13.0,55.0,Kai'Sa
51,Kalista,"[57, 79, 50, 50, 62, 45, 43, 53, 62, 56, 52, 58]",55.583333333333336,79,43,59.0,50.0,9.0,54.5,Kalista
52,Karma,"[51, 58, 50, 28, 53, 62, 56, 54, 43, 50, 57, 39, 33, 58, 54, 67, 57, 57, 52, 55, 61, 44, 45, 41, 43, 44, 41, 50, 58, 44, 55, 53, 68, 61, 74, 50, 43, 57, 63, 54, 48, 55, 51, 70, 48, 58, 65, 59, 62, 63, 67, 62, 50, 60, 80, 68, 53, 58, 61, 43, 67, 50, 55, 39, 47, 69, 79, 69, 53, 50, 45, 46, 64, 42, 65, 45, 57, 54, 60, 59, 48, 54, 44, 66, 55, 53, 54, 56, 42, 60, 53, 57, 32, 44, 56, 63, 50, 54, 51, 66, 60, 50, 42, 69, 61, 55, 65, 48, 52, 54, 53, 47, 44, 52, 46, 38, 40, 61, 65, 63, 56, 64, 59, 53, 42, 55, 67, 75, 63, 63, 53, 63, 48, 52, 54, 43, 54, 48, 45, 53, 60, 55, 59, 60, 58, 54, 38, 52, 39, 67, 32, 50, 50, 68, 50, 61, 63, 52, 53, 59, 59, 52, 45, 43, 50, 61, 43, 43, 48, 60, 58, 56, 45, 54, 46, 50, 48, 54, 60, 53, 45, 68, 61, 68, 59, 55, 59, 43, 44, 62, 54, 72, 67, 51, 56, 38, 50, 83, 82, 45, 49, 57, 56, 61]",54.43627450980392,83,28,60.25,48.0,12.25,54.0,Karma
53,Karthus,"[59, 62, 59, 65, 52, 52, 42, 59, 44, 62, 59, 61, 58, 50, 57, 52, 38, 59, 65, 52, 58, 59, 69, 67, 45, 50, 51, 62, 59, 57, 58, 57, 54, 50, 52, 63, 43, 12, 70, 48, 37, 58, 76, 63, 65, 64, 43, 54, 50, 77, 59, 61, 56, 60, 59, 57, 51, 44, 64, 58, 55]",55.77049180327869,77,12,61.0,51.0,10.0,58.0,Karthus
54,Kassadin,"[56, 65, 61, 46, 62, 74, 67, 57, 39, 56, 62, 46, 63, 67, 47, 72, 52, 54, 68, 56, 66, 63, 38, 48, 52, 67, 51, 67, 52, 59, 56, 57, 66, 71, 71, 72, 49, 43, 49, 47, 59, 47, 58, 44, 69, 44, 57, 40, 34, 51, 54, 52, 56, 68]",56.425925925925924,74,34,65.75,49.0,16.75,56.0,Kassadin
55,Katarina,"[48, 56, 63, 49, 41, 73, 57, 63, 65, 59, 54, 51, 67, 39, 50, 59, 71, 55, 61, 58, 52, 48, 52, 54, 56, 56, 43, 69, 54, 53, 45, 43, 62, 50, 48, 44, 57, 54, 50, 76, 54, 71, 51, 53, 72, 50, 50, 50, 48, 69, 44, 62, 71, 43, 47, 56, 54, 59, 51, 32, 28, 38, 50, 50, 64, 54, 54, 44, 61, 64]",54.27142857142857,76,28,60.5,49.25,11.25,54.0,Katarina
56,Kayle,"[42, 64, 48, 51, 67, 47, 48, 53, 54, 57, 55, 60, 50, 59, 63, 64, 65, 38, 61, 57, 57, 39, 63, 62, 81, 68, 64, 68, 57, 57, 54, 50, 55, 53, 49, 52]",56.44444444444444,81,38,63.0,50.75,12.25,57.0,Kayle
57,Kayn,"[55, 61, 63, 65, 70, 59, 72, 57, 56, 45, 63, 44, 67, 56, 65, 50, 50, 38, 54, 55, 40, 75, 52, 50, 53, 56, 56, 49, 64, 31, 50, 62, 52, 69, 61, 44, 41, 48, 50, 58, 45, 50, 61, 57, 61, 72, 62, 31, 48, 67, 56, 35, 41, 55, 53, 77, 67, 52, 53, 61, 58, 59, 67, 52, 54, 63, 67, 71, 48, 52, 61, 67, 66, 52, 84, 66, 57, 43, 64, 66, 68, 50, 32, 63, 78, 47, 65, 57, 60, 50, 51, 68, 52, 52, 66, 52, 48, 52, 48, 49, 49, 68, 59, 67]",56.51923076923077,84,31,64.25,50.0,14.25,56.0,Kayn
58,Kennen,"[54, 22, 57, 75, 67, 59, 59, 39, 56, 50, 48, 61, 48, 38, 51, 53, 49, 55, 50]",52.1578947368421,75,22,58.0,48.5,9.5,53.0,Kennen
59,Kha'Zix,"[66, 54, 59, 59, 77, 57, 55, 67, 54, 46, 70, 56, 50, 48, 59, 48, 76, 65, 59, 58, 63, 62, 50, 63, 50, 53, 57, 63, 38, 59, 66, 57, 63, 53, 63, 53, 50, 38, 67, 54, 63, 56, 59, 53, 57, 53, 70, 54, 58, 57, 62, 46, 59, 53, 65, 39, 59, 54, 69, 55, 48, 50, 56, 48, 63, 62, 54, 55, 53, 68, 63, 67, 53, 60, 62, 65, 59, 19, 65, 61, 58, 53, 61, 50, 57, 63, 64, 59, 57, 57, 81, 67, 61, 52, 45, 50, 69, 50, 58, 53, 47, 45, 46, 55, 55, 63, 61, 59, 55, 59, 60, 58]",57.1875,81,19,63.0,53.0,10.0,57.5,Kha'Zix
60,Kindred,"[52, 60, 54, 56, 55, 65, 53, 65, 61, 77, 65, 59, 61, 55, 80, 22, 54, 63, 63, 58, 67, 50, 63, 72, 57, 53, 57, 59, 68, 52, 63, 82, 65, 52, 58, 60, 68, 71, 35, 64, 69, 64, 60, 34, 50, 66, 71, 71, 48, 69, 59, 82, 62, 84, 70, 59, 52, 56, 63, 48, 60, 52, 59, 57, 62, 59, 50, 60, 53, 52, 58, 53, 62, 67, 50, 72, 52, 52, 70, 60, 48, 53, 63, 68, 40, 43, 58, 68, 88, 39, 62, 52, 65, 65, 73, 54, 63, 52, 63, 49, 59, 78, 72, 67, 42, 76]",59.91509433962264,88,22,65.75,53.0,12.75,60.0,Kindred
61,Kled,"[44, 69, 54, 56, 48, 51, 59, 64, 66, 50, 50, 63, 49, 63, 62, 74, 50, 58, 56, 68, 49, 60, 68, 44]",57.291666666666664,74,44,63.25,50.0,13.25,57.0,Kled
62,Kog'Maw,"[60, 26, 44, 58, 58, 65, 54, 61, 47, 65, 40, 65, 72, 59, 40, 69, 52]",55.0,72,26,65.0,47.0,18.0,58.0,Kog'Maw
63,LeBlanc,"[53, 70, 60, 41, 43, 76, 50, 53, 50, 52, 81, 63, 45, 46, 56, 50, 44, 54, 42, 62, 54, 48, 52, 56, 53, 61, 56, 45, 71, 55, 50, 55, 58, 47, 57, 58, 44, 47, 54, 25, 50, 56, 48, 58, 43, 52, 23, 47, 52, 54, 60, 48, 50, 37, 44, 50, 63, 42, 52, 52, 55, 50, 44, 51, 54, 59, 58, 63, 42]",52.08695652173913,81,23,56.0,47.0,9.0,52.0,LeBlanc
64,Lee Sin,"[54, 59, 31, 58, 48, 58, 56, 74, 58, 43, 59, 54, 71, 59, 70, 61, 66, 59, 63, 56, 50, 71, 50, 63, 62, 56, 59, 48, 60, 53, 55, 50, 81, 64, 54, 39, 57, 54, 65, 59, 56, 39, 55, 58, 52, 53, 38, 56, 50, 55, 51, 53, 43, 46, 57, 42, 54, 47, 49, 53, 64, 55, 55, 48, 54, 50, 57, 56, 53, 55, 52, 65, 54, 58, 39, 53, 63, 27, 69, 41, 53, 53, 64, 50, 47, 44, 45, 33, 54, 43, 44, 42, 43, 55, 44, 38, 50, 61, 53, 43, 47, 71, 68, 50, 38, 52, 60, 64, 65, 53, 26, 60, 41, 50, 50, 59, 54, 41, 55, 65, 50, 36, 37, 50, 48, 47, 39, 60, 71, 50, 50, 41, 62, 41, 60, 62, 41, 55, 44, 48, 39, 59, 55, 64, 55, 29, 50, 44, 48, 47, 42, 59, 59, 35, 63, 52, 54, 30, 53, 38, 58, 50, 30, 53, 61, 58, 61, 65, 48, 52, 61, 44, 53, 67, 59, 53, 41, 47, 63, 63, 31, 52, 42, 40, 63, 56, 53, 38, 38, 38, 66, 46, 57, 54, 74, 60, 62, 62, 52, 45, 37, 73, 55, 48, 73, 66, 68, 42, 56, 64, 55, 55, 50, 45, 44, 58, 48, 58, 53, 60, 60, 67, 29, 65, 56, 40]",52.73451327433628,81,26,59.0,47.0,12.0,53.5,Lee Sin
65,Leona,"[57, 72, 67, 50, 50, 50, 50, 53, 47, 52, 43, 46, 50, 50, 55, 50, 69, 65, 58, 53, 50, 61, 43, 52, 61, 59, 58, 34, 50, 62, 55, 47, 50, 74, 40, 41, 50, 38, 56, 60, 57, 71, 53, 57, 58, 71, 45, 50, 50, 64, 49, 59, 71, 69, 75, 67, 42, 59, 42, 61, 50, 60, 63, 57, 59, 54, 65, 72, 63, 57, 52, 47, 75, 50, 64, 64, 44, 60, 65, 60, 58, 56, 50, 61, 59, 50, 61, 48, 49, 62, 41, 65, 46, 56, 57, 65, 56, 57]",55.87755102040816,75,34,61.0,50.0,11.0,56.5,Leona
66,Lillia,"[68, 59, 52, 60, 68, 65, 53, 68, 53, 50, 44, 32, 54, 45, 67, 52, 52, 42, 56, 56, 61, 38, 56, 56]",54.458333333333336,68,32,60.25,51.5,8.75,55.0,Lillia
67,Lissandra,"[65, 52, 56, 52, 71, 50, 70, 53, 56, 52, 55, 59, 59, 48, 60, 59, 68, 40, 42, 70, 35, 47, 48, 55, 63, 38, 43, 53, 39, 49, 65, 58, 65, 60]",54.55882352941177,71,35,60.0,48.25,11.75,55.0,Lissandra
68,Lucian,"[61, 63, 48, 62, 47, 70, 64, 62, 55, 60, 48, 43, 62, 38, 52, 47, 65, 56, 57, 44, 81, 63, 67, 63, 50, 60, 50, 50, 47, 55, 50, 70, 66, 59, 50, 48, 59, 62, 58, 53, 71, 71, 45, 73, 52]",57.266666666666666,81,38,63.0,50.0,13.0,58.0,Lucian
69,Lulu,"[53, 41, 68, 59, 55, 50, 67, 75, 53, 56, 49, 56, 67, 54, 45, 62, 61, 56, 44, 46, 41, 43, 65, 55, 26, 50, 52, 60, 64, 47, 59, 49, 47, 66, 55, 53, 82, 57, 64, 42, 50, 69, 50, 60, 47, 47, 47, 86, 55, 53, 61, 56, 47, 55, 39, 59, 43, 54, 35, 41, 69, 35, 56, 50, 64, 50, 54, 44, 37, 47, 63, 56, 59, 65, 59, 60, 56, 58, 32, 53, 63, 54, 54, 50, 63, 54, 63, 57, 63, 75, 50, 63, 57, 59, 69, 62, 59, 56, 50, 58, 61, 69, 61, 71, 60, 52, 50, 50, 56, 52, 52, 63, 67, 45, 54, 54, 56, 55, 68, 45, 50, 62, 50, 54, 37, 61, 64, 48, 61, 64, 44, 58, 64, 46, 70, 67, 57, 50, 54, 56, 48, 61, 55, 44, 63, 42, 52, 51, 56, 72, 35, 60, 73, 59, 55, 44, 63, 61, 35, 72, 35, 56, 35, 67, 65, 40, 64, 42, 44, 56, 73, 50, 61, 63, 58, 72, 50, 52, 51, 73, 49, 60, 62, 53, 56, 52, 59, 45, 54, 76, 76, 65, 63, 63, 50, 62, 65, 47, 58]",55.653266331658294,86,26,62.5,50.0,12.5,56.0,Lulu
70,Lux,"[49, 37, 65, 44, 57, 44, 75, 69, 61, 61, 29, 57, 51, 62, 47, 74, 45, 64, 61, 41, 64, 39, 59, 52, 60, 61, 50, 54, 46, 35, 51, 55, 59, 45, 50, 53, 66, 59, 56, 45, 38, 61, 40, 65, 52, 47, 63, 65, 46, 53, 50, 35, 42, 61, 65, 62, 56, 46, 50, 41, 60, 50, 53, 55, 75, 52, 51, 52, 40, 44, 32, 71, 42, 44, 52, 56, 57, 38, 69, 50, 69, 39, 58, 50, 55, 38, 68, 75, 56, 72, 55, 54, 57, 56, 71, 55, 40, 46, 71, 55, 49, 59, 48, 55, 56, 53, 64, 75, 59, 59, 55, 43, 53, 57, 67, 55, 50, 51, 53, 50, 57, 50, 53, 53, 56, 52, 48, 56, 62, 73, 33, 38, 65, 59, 49, 50, 58, 48, 55, 42, 51, 47, 54, 59, 58, 48, 48, 52, 59, 44, 54, 52, 52, 50, 63, 55, 48, 58, 56, 54, 50, 50, 51, 59, 55, 49, 57, 57, 52, 42, 69, 50, 69, 69, 58, 50, 62, 59, 52, 52, 54]",53.972375690607734,75,29,59.0,49.0,10.0,54.0,Lux
71,Malphite,"[63, 50, 48, 52, 57, 56, 53, 56, 65, 64, 65, 60, 44, 51, 51, 33, 56, 56, 47, 33, 55, 47, 47, 33, 41, 58, 58, 78, 56]",52.86206896551724,78,33,58.0,47.0,11.0,55.0,Malphite
72,Malzahar,"[58, 62, 71, 60, 71, 69, 33, 36, 55, 71, 36, 54, 32, 61, 47, 55, 88, 54, 56, 63, 61, 56, 58]",56.82608695652174,88,32,62.5,54.0,8.5,58.0,Malzahar
73,Maokai,"[62, 60, 67, 68, 65, 54, 44, 58, 44, 63, 55, 55, 54, 58, 55, 49, 62, 69, 53]",57.63157894736842,69,44,62.5,54.0,8.5,58.0,Maokai
74,Master Yi,"[51, 56, 51, 58, 76, 72, 52, 50, 59, 62, 49, 48, 60, 65, 50, 57, 64, 53, 59]",57.473684210526315,76,48,61.0,51.0,10.0,57.0,Master Yi
75,Miss Fortune,"[50, 56, 75, 57, 54, 53, 53, 67, 47, 67, 47, 61, 71, 55, 63, 60, 58, 73, 61, 47, 55, 50, 59, 70, 54, 41, 63]",58.03703703703704,75,41,63.0,53.0,10.0,57.0,Miss Fortune
76,Mordekaiser,"[66, 71, 56, 56, 55, 55, 62, 69, 66, 43, 39, 55, 52, 52, 54, 71, 52, 71, 53, 39, 47, 54, 55, 58, 63, 57, 58, 84, 39, 56, 75, 57, 54, 56, 41, 67, 59, 56, 49, 40]",56.55,84,39,62.25,52.0,10.25,56.0,Mordekaiser
77,Morgana,"[69, 50, 56, 45, 60, 57, 68, 57, 50, 59, 55, 65, 47, 62, 48, 48, 56, 50, 49, 57, 44, 49, 63, 70, 42, 54, 69, 68, 64, 53, 69, 65, 38, 58, 65, 64, 60, 73, 53, 68, 47, 83, 53, 58, 56]",57.644444444444446,83,38,65.0,50.0,15.0,57.0,Morgana
78,Nami,"[51, 61, 67, 53, 63, 62, 46, 56, 40, 49, 76, 50, 81, 59, 70, 63, 58, 45, 45, 47, 53, 73, 62, 55, 65, 57, 54, 45, 58, 48, 60, 51, 64, 67, 44, 48, 45, 63, 49, 64, 53, 69, 37, 57, 49, 53, 59, 73, 58, 65, 61, 52, 52, 53, 50, 50, 58, 59, 63, 63, 65, 47, 60, 67, 61, 61, 57, 63, 57, 54, 47, 58, 48, 50, 61, 51, 54, 47, 60, 72, 60, 74, 55, 44, 44, 60, 62, 50, 50, 53, 65, 57, 52, 46, 56, 61, 58, 64, 62, 41, 50, 50, 66, 61, 57, 82, 48, 58, 62, 51, 52, 54, 53, 62, 38, 53, 49, 44, 53, 41]",56.15833333333333,82,37,62.0,50.0,12.0,56.5,Nami
79,Nasus,"[55, 55, 45, 68, 58, 60, 38, 58, 50, 50, 58, 47, 73, 65, 65, 65, 67, 54, 52, 89, 50, 55, 44, 61, 52, 63, 33, 34, 57, 50, 63, 72, 38, 54, 53]",55.74285714285714,89,33,63.0,50.0,13.0,55.0,Nasus
80,Nautilus,"[72, 57, 56, 42, 45, 63, 64, 52, 65, 44, 53, 61, 63, 56, 63, 48, 54, 56, 52, 73, 59, 64, 50, 50, 58, 60, 54, 68, 52, 51, 42, 44, 75, 55, 53, 56, 63, 50, 44, 53, 47, 57, 68, 61, 53, 65, 53, 45, 54, 50, 24, 58, 61, 63, 55, 45, 52, 50, 63, 58, 65, 50, 60, 50, 59, 57, 38, 47, 58, 75, 50, 40, 50, 52, 59, 50, 80, 50, 70, 73, 65, 38, 70, 43, 59, 55, 56, 56, 61, 58, 38, 44, 39, 53, 69, 48, 56, 53, 50, 62, 50, 59, 59, 67, 68, 45, 54, 50, 54, 59, 44, 43, 65, 50, 50, 82, 67, 60, 82, 44]",55.666666666666664,82,24,61.25,50.0,11.25,55.0,Nautilus
81,Neeko,"[56, 52, 52, 53, 56, 61, 60, 56, 68, 48, 54, 45]",55.083333333333336,68,45,57.0,52.0,5.0,55.0,Neeko
82,Nidalee,"[62, 62, 55, 71, 48, 58, 53, 59, 46, 62, 53, 53, 53, 56, 52, 33, 63, 63, 60, 63, 68, 64, 50, 56, 54, 57, 61, 63, 58, 56, 63, 68, 69, 50, 47, 54, 56, 47, 48, 47, 67, 66, 54, 56, 52, 42, 51, 50, 53, 56, 59, 73, 67, 69, 73, 49, 53, 55, 41, 58, 50, 58, 58, 50, 68, 61]",56.81818181818182,73,33,62.75,52.0,10.75,56.0,Nidalee
83,Nocturne,"[57, 56, 63, 55, 59, 35, 66, 52, 44, 62, 64, 61, 54, 48, 57, 67, 52, 57, 46]",55.526315789473685,67,35,61.5,52.0,9.5,57.0,Nocturne
84,Nunu & Willump,"[58, 52, 56, 42, 56, 52, 35, 50, 53, 61, 50, 58, 46, 52, 50, 52, 57, 70, 55, 33, 63, 53, 54, 60, 51, 65, 60, 50, 52, 65, 59, 51, 57, 52, 62, 59, 54, 49, 54, 49, 56, 59, 62, 48, 61, 67, 38, 72, 61, 54, 63, 55, 59, 59, 43, 47, 59, 58, 55, 48, 36, 61]",54.483870967741936,72,33,59.0,50.25,8.75,55.0,Nunu & Willump
85,Olaf,"[60, 59, 53, 55, 69, 53, 57, 54, 54, 76, 50, 45, 59, 31, 58, 57, 63, 39]",55.111111111111114,76,31,59.0,53.0,6.0,56.0,Olaf
86,Orianna,"[60, 43, 55, 53, 48, 56, 67, 60, 59, 54, 47, 67, 54, 57, 38, 62, 70, 48, 58, 67, 50, 66, 55, 50, 40, 49, 42, 57]",54.714285714285715,70,38,60.0,48.75,11.25,55.0,Orianna
87,Ornn,"[71, 21, 53, 58, 44, 51, 71, 64, 59, 74, 59, 61, 59, 52, 52, 52, 48, 38, 57, 44, 67, 36, 35, 43, 39, 56, 41, 44, 59, 52, 55, 47, 44, 33, 67, 57]",51.75,74,21,59.0,44.0,15.0,52.0,Ornn
88,Pantheon,"[69, 38, 51, 45, 48, 55, 55, 88, 56, 53, 75, 50, 53, 48, 63, 52, 52, 56, 45, 50, 28, 65, 50, 64, 28, 58, 50, 75, 52, 63, 46, 61]",54.4375,88,28,61.5,49.5,12.0,52.5,Pantheon
89,Poppy,"[64, 63, 61, 50, 63, 55, 51, 53, 45, 71, 44, 61, 55, 43, 45, 54, 52, 56, 67, 54, 61, 64, 56, 48, 54, 65, 56, 50, 63, 54, 59, 51, 60, 67, 50, 53, 49, 44, 32, 58, 55, 62, 50, 42, 47]",54.6,71,32,61.0,50.0,11.0,54.0,Poppy
90,Pyke,"[74, 48, 62, 55, 53, 45, 61, 58, 60, 55, 59, 81, 50, 53, 44, 58, 35, 65, 62, 59, 50, 75, 51, 56, 56, 48, 50, 63, 64, 44, 52, 48, 57, 70, 50, 51, 49, 52, 72, 57, 55, 56, 51, 59, 59, 63, 64, 55, 58, 65, 68, 57, 44, 64, 50, 60, 47, 54, 46, 50, 53, 43, 61, 56, 44, 60, 52, 47, 73, 74, 50, 46, 56, 50, 58, 50, 55, 48, 54, 52, 47, 45, 55, 53, 53, 48, 51, 45, 61, 68, 50, 60, 48, 54, 53, 62, 49, 71, 43, 59, 53, 65, 42, 27, 52, 52, 48, 54, 56, 58, 50, 58]",54.901785714285715,81,27,59.25,50.0,9.25,54.0,Pyke
91,Qiyana,"[47, 66, 60, 69, 56, 56, 53, 61, 64, 56, 58, 66, 58, 60, 71, 52, 56, 43, 68, 62, 66, 58, 51, 58, 54, 53, 64, 36, 52, 59, 59, 41, 63, 49, 64, 36, 55, 61, 52, 55, 62, 59, 59, 60, 67, 48, 62, 55, 41, 57, 68, 61, 61, 65, 66, 56, 50, 76, 55, 57, 59, 61, 46, 61, 56, 56, 89, 68, 42, 71, 60, 58, 56, 62, 43, 56, 42, 77, 49, 63, 50, 54, 69, 50, 69, 64, 68, 48, 59, 65, 63, 54, 50, 66, 62, 57, 54, 61, 65, 69, 64, 59, 65, 53, 69, 54, 59, 50, 66, 65, 63, 60, 56, 65, 58, 63, 64, 71, 60, 55, 53, 60, 63, 54, 53, 54, 62, 44, 57, 56, 41, 60, 63, 70, 50, 56, 70, 63, 68, 60, 62, 53, 66, 41, 46, 63]",58.43835616438356,89,36,64.0,54.0,10.0,59.0,Qiyana
92,Quinn,"[58, 71, 66, 50, 65, 76, 50, 52, 50]",59.77777777777778,76,50,66.0,50.0,16.0,58.0,Quinn
93,Rakan,"[76, 53, 69, 57, 68, 63, 69, 56, 61, 56, 50, 53, 53, 62, 52, 31, 63, 46, 54, 67, 57, 62, 59, 53, 47, 69, 56, 56, 66, 60, 53, 45, 76, 55, 62, 53, 69, 44, 58, 64, 53, 51, 54, 38, 54, 43, 63, 58, 48, 50, 56, 65, 65, 50, 39, 52, 67, 44, 44, 50, 57, 44, 50, 56, 45, 57, 56, 41, 47, 63, 52, 50, 50, 68, 80, 38, 58]",55.57142857142857,80,31,62.0,50.0,12.0,56.0,Rakan
94,Rammus,"[58, 56, 61, 66, 62, 54, 60, 75, 63, 65, 71, 70, 70, 59, 56, 50]",62.25,75,50,67.0,57.5,9.5,61.5,Rammus
95,Rek'Sai,"[53, 70, 64, 62, 55, 62, 65, 53, 58, 39, 51, 59, 59, 60, 52, 63, 46, 44, 66, 54, 65, 63, 65, 56, 67, 55, 58, 65, 66, 67, 39, 64, 66, 39, 60, 59, 63, 71, 41, 66, 49, 52, 60, 57, 67, 60, 62, 60, 59, 55, 55, 50, 51, 70, 56, 58, 55, 49, 51, 56, 67, 61, 61, 52, 59, 42, 71, 50, 57, 55, 52, 56, 55, 50, 54, 63, 53, 44, 33, 69, 58, 72, 44, 69, 45, 59, 57, 45, 68, 57, 56, 65, 45, 56]",57.04255319148936,72,33,63.0,52.0,11.0,57.5,Rek'Sai
96,Rell,"[65, 53, 63, 50, 51, 57, 74, 51, 42, 71, 55, 61, 55, 74, 64, 63, 50, 56, 69, 63, 65, 61, 53, 56, 50, 59, 50, 38, 50]",57.55172413793103,74,38,63.0,51.0,12.0,56.0,Rell
97,Renekton,"[58, 61, 50, 52, 47, 60, 47, 50, 71, 42, 59, 56, 53, 52, 45, 44, 64, 67, 50, 68, 63, 52, 41, 74, 39, 47, 76, 38, 45, 53, 54, 44, 64, 24, 53, 67, 53, 55, 52, 55, 52, 59, 41, 44, 64, 63, 44, 55, 39, 53, 41, 60, 41, 42, 59, 50, 35, 58, 56]",52.559322033898304,76,24,59.0,44.5,14.5,53.0,Renekton
98,Rengar,"[56, 54, 56, 49, 47, 58, 58, 56, 52, 74, 55, 54, 55, 61, 53, 46, 53, 51, 65, 58, 95, 58, 38, 50, 70, 61, 59, 49, 51, 80, 74, 56, 47, 59, 78, 55, 41, 64, 54, 60, 67, 41, 48, 63, 49, 56, 64, 64, 57, 53, 53]",57.35294117647059,95,38,61.0,51.5,9.5,56.0,Rengar
99,Riven,"[46, 69, 60, 57, 48, 63, 57, 67, 53, 53, 51, 54, 38, 58, 53, 59, 62, 64, 66, 56, 52, 57, 71, 57, 67, 50, 56, 67, 31, 57, 42, 64, 50, 50, 63, 63, 59, 45, 56, 50, 57, 60, 53, 57, 35, 55, 55, 65, 43, 51, 47, 58, 53, 54, 52, 50, 56, 53, 53, 58, 59, 73, 51, 48, 40, 53, 51, 56, 53, 50, 58, 59, 55, 42, 63, 65, 51, 51, 59, 58, 43, 63, 50, 73, 50, 56, 57, 53, 56, 63, 50, 52, 47, 51, 51, 62, 45, 58, 52]",54.878787878787875,73,31,59.0,51.0,8.0,55.0,Riven
100,Rumble,"[63, 56, 58, 57, 83, 57, 63, 61, 54, 76, 67, 67, 58, 67, 49, 68, 60, 73, 46, 57, 53, 42, 52, 50, 63, 71, 50, 47, 58, 63, 69, 74, 37, 53, 44]",59.02857142857143,83,37,67.0,52.5,14.5,58.0,Rumble
101,Ryze,"[39, 53, 59, 42, 40, 65, 55, 72, 57, 53, 54, 48, 53, 64, 55, 59, 57, 33]",53.22222222222222,72,33,58.5,49.25,9.25,54.5,Ryze
102,Samira,"[68, 54, 46, 66, 46, 58, 52, 57, 65, 67, 29, 75, 47, 72, 67, 50, 39, 52, 58, 60, 52, 48, 57, 56, 70, 53, 54, 53, 57, 67, 54, 67, 70, 48, 39, 29, 50, 44, 41, 59, 50, 60, 47, 39, 48, 67, 39, 50, 42, 50, 54, 44, 69, 59, 54, 52, 67, 54, 55, 50, 55, 58, 69, 63, 48, 50, 56, 59, 56]",54.492753623188406,75,29,60.0,48.0,12.0,54.0,Samira
103,Sejuani,"[51, 62, 56, 25, 57, 71, 64, 64, 53, 62, 52, 50, 58, 56, 55, 50, 56, 65, 66, 56, 47, 56, 50, 50, 56]",55.52,71,25,62.0,51.0,11.0,56.0,Sejuani
104,Senna,"[46, 44, 63, 65, 55, 48, 62, 68, 57, 53, 50, 67, 56, 53, 38, 56, 37, 50, 70, 71, 64, 75, 66, 53, 61, 63, 56, 50, 52, 63, 55, 52, 74, 50, 36, 63, 63, 53, 55, 65, 50, 54, 47, 66, 47, 69, 64, 44, 50, 58, 59, 70, 55, 38, 41, 69, 57, 45, 65, 60, 58, 53, 45, 35, 57, 67, 47, 63, 50, 53, 67, 59, 65, 61, 65, 65, 55, 58, 51, 48, 45, 70, 54, 52, 70, 69, 58, 74, 69, 74, 63, 57, 44, 50, 50, 65, 57, 47, 38, 60, 58, 61, 50, 59, 54, 63, 56, 62, 67, 49, 62, 52, 60, 60, 56, 48, 52, 57, 77, 65, 67, 35, 68, 55, 68, 55, 50, 52, 64, 58, 55, 44, 50, 65, 47, 50, 53, 48, 68, 62, 70, 60, 58, 45, 55, 48, 57, 92, 53, 56, 57, 57, 56, 59, 58, 68, 68, 73, 56, 53, 59, 53, 47, 53, 75, 44, 50, 55, 67, 68, 70, 50, 61, 59, 59, 59, 49, 55, 68, 59, 51]",57.270718232044196,92,35,64.0,50.0,14.0,57.0,Senna
105,Seraphine,"[73, 41, 35, 60, 64, 54, 62, 55, 50, 59, 50, 58, 56, 62, 55, 59, 56, 59, 52, 63, 57, 56, 71, 52, 44, 56, 50, 62, 56, 56, 68, 51, 38, 55, 64, 49, 49, 59, 61, 56, 55, 60, 44, 57, 47, 63, 45, 48, 62, 59, 47, 45, 62, 62, 57, 60, 55, 52, 70, 38, 61, 57, 53, 64, 41, 51, 39, 59, 62, 53, 53, 61, 53, 65, 62, 82, 55]",55.74025974025974,82,35,61.0,51.0,10.0,56.0,Seraphine
106,Sett,"[53, 55, 61, 65, 53, 49, 70, 65, 60, 48, 45, 57, 50, 56, 59, 61, 55, 50, 47, 49, 68, 41, 62, 53, 52, 58, 54, 59, 69, 47, 57, 48, 50, 55, 65, 61, 50, 53, 65, 66, 48, 58, 72, 50, 54, 53, 63, 78, 48, 59, 43, 78, 55, 51, 63, 62, 69, 47, 50, 64, 50, 64, 47, 54, 56, 47, 59, 41, 55, 71, 75, 47, 60, 54, 59, 63, 35, 41, 58, 67, 61, 61, 68, 58, 55, 41, 85, 45, 61, 39, 50, 64, 65, 75, 59, 50, 56, 66]",56.816326530612244,85,35,63.0,50.0,13.0,56.0,Sett
107,Shaco,"[59, 55, 65, 53, 55, 62, 55, 63, 57, 60, 60, 52, 57, 50, 50, 53, 58, 65, 56, 50, 54, 53, 44, 41, 50, 53, 56, 61, 56, 57, 58, 50, 49, 57, 67, 59, 64, 44, 65, 45, 69, 54, 55]",55.72093023255814,69,41,59.5,52.5,7.0,56.0,Shaco
108,Shen,"[72, 56, 62, 61, 54, 49, 61, 50, 59, 60, 61, 61, 59, 63, 56, 56, 58, 53, 55, 63, 54, 53, 66, 49, 56, 57, 48, 55, 59, 49, 65, 61, 49, 57, 64, 52, 59, 61, 53, 75, 47, 54, 53, 50, 48, 61, 46, 56, 55, 65, 62, 62, 60, 62, 45, 60, 52, 57, 53, 62, 68, 66, 50, 72]",57.453125,75,45,61.25,53.0,8.25,57.0,Shen
109,Shyvana,"[59, 56, 80, 65, 48, 50, 51, 50, 56, 60, 62, 56, 55, 50]",57.0,80,48,59.75,50.25,9.5,56.0,Shyvana
110,Singed,"[53, 59, 63, 57, 53, 58, 58, 56, 57, 71, 69, 61, 69, 57, 43, 57, 61, 63, 59, 63, 59, 62, 57, 55, 63, 62, 72, 61, 56, 65, 64, 49, 59, 57, 56, 46]",59.166666666666664,72,43,63.0,56.75,6.25,59.0,Singed
111,Sion,"[63, 59, 58, 60, 52, 51, 56, 51, 59, 41, 38, 75, 48, 53, 62, 67, 54, 71, 67, 51, 31, 59, 50, 75, 45, 57, 50, 62, 55, 53, 56, 38, 69, 53, 53, 40, 42, 60, 61, 61, 50, 35, 53, 42, 55]",54.24444444444445,75,31,60.0,50.0,10.0,54.0,Sion
112,Sivir,"[53, 65, 54, 55, 55, 56, 61, 55, 56, 52, 45, 58, 67, 52]",56.0,67,45,57.5,53.25,4.25,55.0,Sivir
113,Skarner,"[52, 54, 46, 60, 58, 48, 52, 45, 55, 45, 61, 41, 48, 63]",52.0,63,41,57.25,46.5,10.75,52.0,Skarner
114,Sona,"[62, 48, 83, 61, 43, 60, 55, 56, 59, 70, 44, 50, 45, 48, 58, 69, 56, 52, 56, 53, 63, 48, 57, 52, 62, 53, 50, 44, 54, 56, 68, 59, 50, 35, 64, 44, 57, 61, 66, 67, 68, 57, 52, 41, 58, 65, 58, 59, 65, 63, 62, 63, 66, 63, 63, 59, 56, 49, 53, 34, 49, 48, 69, 34, 51, 49, 52, 65, 59, 68, 65, 71, 53, 52, 49, 40, 65, 53, 65, 39, 58, 51, 83, 59, 47, 67, 39, 59, 44, 61, 73, 63, 44, 68, 54, 70, 65, 55, 65, 59, 69, 69, 50, 56, 55, 55, 50, 56, 77, 51, 68, 67, 61]",57.13274336283186,83,34,65.0,51.0,14.0,57.0,Sona
115,Soraka,"[54, 69, 74, 59, 68, 55, 60, 53, 46, 68, 57, 58, 57, 50, 45, 62, 71, 52, 68, 47, 71, 53, 48, 70, 63, 55, 56, 58, 47, 66, 49, 55, 47, 71, 47, 38, 55, 57, 63, 65, 50, 62, 55, 48, 61, 71, 49, 46, 57, 59, 47, 48, 50, 56, 46, 53, 52, 58, 54, 64, 46, 50, 53, 50, 63, 46, 51, 42, 48, 53, 70, 55, 37, 81, 65, 61, 45, 55, 63, 81, 52, 68, 70, 66, 39, 59, 50, 58, 58, 65, 57, 63, 38, 47, 77, 57, 52, 59, 52, 64, 53]",56.554455445544555,81,37,63.0,50.0,13.0,55.0,Soraka
116,Swain,"[57, 57, 64, 56, 49, 48, 46, 64, 53, 50, 57, 52, 46, 62, 65, 65, 50, 57, 59, 45, 68, 53, 49, 41, 61, 61, 56, 41, 56]",54.758620689655174,68,41,61.0,49.0,12.0,56.0,Swain
117,Sylas,"[69, 39, 44, 49, 58, 62, 53, 39, 41, 62, 66, 70, 53, 56, 58, 58, 52, 50, 62, 60, 52, 56, 65, 52, 43, 58, 63, 56, 54, 75, 55, 68, 76, 47, 35, 56, 38, 50, 53, 63, 59, 52, 63, 56, 62, 49, 43, 53, 54, 53, 62, 64, 56, 41, 62, 61, 67, 55, 52, 50, 63, 55, 76, 49, 37, 61, 56, 44, 53, 55, 60, 65, 58, 57, 57, 60, 61, 75, 52, 54, 61, 38, 69, 53, 61, 41, 45, 61, 45, 50, 54, 55, 70, 56, 58, 66, 52, 58, 52, 59, 61, 50, 52, 52, 47, 59, 57, 54, 48, 56, 50]",55.567567567567565,76,35,61.0,52.0,9.0,56.0,Sylas
118,Syndra,"[58, 67, 56, 68, 67, 52, 63, 59, 48, 50, 50, 56, 53, 53, 57, 68, 28, 28, 39, 55, 31, 39, 59, 47, 38, 68, 53, 41, 61, 65, 59, 63, 44, 71, 71, 75, 49, 47, 52, 57, 63, 35, 31, 55, 54, 48, 68, 38]",53.270833333333336,75,28,63.0,47.0,16.0,54.5,Syndra
119,Tahm Kench,"[59, 45, 56, 80, 51, 58, 67, 56, 50, 62, 76, 64, 53, 65, 69, 57, 65, 54, 48, 67, 67, 63, 40, 64, 53, 62, 56, 52, 62, 56, 42, 41, 60, 51, 58, 58, 60, 60, 44, 57, 59, 58, 43, 48, 48, 67, 70, 65, 53, 58, 70, 69, 65, 62, 63, 50]",58.142857142857146,80,40,64.25,52.75,11.5,58.0,Tahm Kench
120,Taliyah,"[47, 58, 63, 71, 56, 44, 52, 61, 63, 50, 50, 51, 64, 71, 75, 57, 50, 58, 51, 50, 47, 60, 55, 56, 45, 53, 52, 40, 54, 57, 48]",55.12903225806452,75,40,59.0,50.0,9.0,54.0,Taliyah
121,Talon,"[57, 55, 55, 45, 61, 41, 35, 50, 57, 69, 69, 67, 58, 69, 54, 58, 70, 55, 53, 62, 81, 67, 59, 62, 49, 48, 55, 61, 36, 59, 40, 65, 66, 76, 39, 62, 54, 68, 60, 35, 58, 56, 64, 67, 25, 68, 65, 53, 59, 52, 59, 58, 55, 47, 73, 43, 65, 64, 59, 54, 74, 59, 60, 71, 59, 60, 48, 49, 57, 57, 68, 75, 49, 48, 53, 55, 63, 59, 75, 44, 38, 56, 65, 50, 67, 55, 59, 63, 35, 58, 61, 58, 51, 40, 53, 70, 54, 64, 25, 50, 73, 71]",57.1078431372549,81,25,64.75,52.25,12.5,58.0,Talon
122,Taric,"[50, 73, 59, 69, 59, 56, 44, 44, 65, 48, 66, 50, 76]",58.38461538461539,76,44,66.0,50.0,16.0,59.0,Taric
123,Teemo,"[55, 56, 60, 47, 63, 52, 63, 49, 70, 55, 62, 62, 62, 58, 55, 57, 52, 74, 50, 50, 49, 53, 44, 47, 63, 50, 55, 48, 52, 57]",55.666666666666664,74,44,61.5,50.0,11.5,55.0,Teemo
124,Thresh,"[61, 43, 47, 63, 50, 66, 48, 58, 68, 59, 51, 52, 71, 81, 44, 57, 69, 53, 54, 45, 53, 58, 78, 47, 56, 56, 33, 66, 47, 66, 41, 58, 61, 57, 35, 64, 53, 55, 58, 69, 68, 75, 63, 53, 59, 45, 46, 49, 48, 52, 58, 65, 50, 44, 53, 50, 63, 61, 50, 44, 37, 48, 52, 47, 52, 59, 50, 59, 39, 57, 67, 65, 62, 33, 54, 47, 42, 47, 72, 50, 42, 59, 49, 54, 59, 42, 42, 53, 62, 47, 42, 70, 54, 40, 53, 81, 49, 44, 62, 52, 60, 53, 67, 63, 38, 50, 50, 60, 61, 45, 58, 48, 53, 67, 64, 65, 63, 43, 44, 48, 44, 58, 46, 53, 43, 45, 31, 73, 48, 44, 61, 52, 63, 72, 65, 44, 41, 49, 50, 63, 58, 55, 60, 51, 52, 56, 56, 61, 36, 42, 57, 53, 43, 58, 52, 52, 52, 56, 59, 44, 61, 45, 45, 53, 50, 57, 68, 74, 53, 48, 58, 48, 39, 44, 56, 69, 63, 55, 61, 46, 60, 48, 44, 71, 47]",54.07027027027027,81,31,61.0,47.0,14.0,53.0,Thresh
125,Tristana,"[59, 47, 56, 55, 52, 64, 44, 58, 56, 65, 29, 54, 56, 61, 50, 70, 75, 56, 40, 44, 51, 72, 67, 45, 51, 40, 64, 73, 75, 44, 52, 76, 75, 49, 60, 57, 69, 41, 72, 53, 65, 68, 67, 37, 55, 60, 55, 50, 54]",56.89795918367347,76,29,65.0,50.0,15.0,56.0,Tristana
126,Trundle,"[57, 53, 50, 47, 60, 55, 52, 66, 63, 74, 56, 58, 54, 58, 52, 48, 59, 38, 52, 82, 57, 75, 58, 60, 48, 79, 75, 61, 63, 47, 46, 76, 51, 53, 65, 63, 44, 67, 44, 52, 46, 74, 54, 50, 52, 51, 56, 44, 56, 40, 65, 59, 61, 44, 65, 44, 79, 63, 59, 56, 64, 72]",57.61290322580645,82,38,63.0,51.0,12.0,56.5,Trundle
127,Tryndamere,"[62, 63, 57, 56, 55, 72, 58, 58, 61, 55, 54, 56, 55, 59, 58, 53, 51, 56, 65, 50, 69, 65, 53, 50, 52, 67, 52, 58, 62, 35, 65, 63, 59, 55, 61, 70, 56, 56, 63, 62, 58, 47, 50, 64, 55, 68, 48, 65, 62, 62, 42, 61, 55, 26, 60, 61, 54, 55, 67, 55, 55, 69, 55, 62, 74, 54, 64, 53, 61]",57.81159420289855,74,26,62.0,55.0,7.0,58.0,Tryndamere
128,Twisted Fate,"[56, 61, 54, 71, 59, 61, 63, 60, 38, 60, 53, 56, 50, 59, 55, 56, 65, 72, 64, 53, 60, 62, 57, 69, 57, 48, 54, 56, 52, 61, 59, 59, 30, 64, 39, 50, 52, 72, 64, 59, 44, 63, 47, 53, 56, 57, 56, 49, 49, 32, 60, 63, 70, 55, 33, 56, 63]",56.07017543859649,72,30,61.0,53.0,8.0,57.0,Twisted Fate
129,Twitch,"[58, 58, 61, 51, 50, 62, 61, 68, 61, 50, 56, 50, 56, 44, 39, 52, 62, 59, 50, 57, 40, 55, 55, 70, 49, 66, 58, 51, 53, 45, 59, 60, 50, 40, 51, 58, 56, 25, 46, 51, 55, 57, 56, 48, 40, 71, 50, 58, 47, 50, 48, 47, 54, 64, 48, 70, 48, 50, 61, 63, 61, 50, 50, 56, 29, 61, 59, 51, 71, 53, 58, 45, 69, 58, 52, 35, 67, 50, 50, 71, 52, 58, 44, 53, 61, 56, 56, 56, 58, 35, 61, 74, 61, 67, 52, 55]",54.40625,74,25,60.25,50.0,10.25,55.0,Twitch
130,Udyr,"[60, 51, 53, 48, 61, 50, 72, 66, 33, 44]",53.8,72,33,60.75,48.5,12.25,52.0,Udyr
131,Urgot,"[52, 53, 53, 59, 48, 52, 40, 53, 63, 52, 57, 61, 57, 56, 35, 61, 59, 49, 58, 58, 50, 49, 46, 58, 54, 60, 48, 53, 49, 61, 76, 57, 67, 56, 64, 54, 55, 72]",55.39473684210526,76,35,59.0,52.0,7.0,55.5,Urgot
132,Varus,"[62, 53, 48, 63, 46, 47, 67, 49, 48, 57, 54, 43, 50, 71]",54.142857142857146,71,43,60.75,48.0,12.75,51.5,Varus
133,Vayne,"[70, 63, 47, 55, 29, 47, 47, 30, 33, 48, 57, 55, 53, 60, 68, 76, 56, 52, 56, 65, 67, 56, 59, 54, 63, 48, 57, 47, 62, 61, 47, 48, 56, 56, 45, 63, 64, 68, 59, 53, 63, 53, 63, 51, 50, 58, 63, 58, 65, 53, 78, 64, 62, 79, 63, 61, 52, 56, 53, 51, 50, 57, 47, 50, 57, 52, 54, 88, 61, 32, 54, 58, 58, 59, 55, 67, 75, 57, 69, 65, 58, 50, 53, 65, 56, 63, 46, 61, 61, 53, 65, 47, 62, 47, 78, 50, 50, 62, 57, 44, 55, 50, 76, 50, 64, 38, 51, 32, 77, 68, 58, 67, 42, 61, 52, 52, 36, 52, 71, 56, 47, 48, 60, 74, 74, 54, 63, 74, 49, 58, 68, 56, 65, 57, 31, 64, 71, 55, 65, 59, 47, 74, 56, 57]",57.104166666666664,88,29,63.0,51.0,12.0,57.0,Vayne
134,Veigar,"[72, 55, 60, 60, 55, 54, 70, 46, 50, 35, 48, 52, 64, 33, 62, 42, 50, 41, 56, 47, 50, 58, 54, 61, 60, 53, 52, 68, 57, 71, 51, 55, 58, 53, 73, 61, 58, 50, 54, 45, 50, 63, 53, 53, 53, 53, 50, 76, 66, 50, 56, 44, 63, 56, 61, 65, 67, 57, 56, 49, 58, 60, 45, 54, 66, 63, 56, 61, 67, 50, 65, 50, 58, 61, 43, 60, 50, 40, 70, 63, 63, 68, 62, 69]",56.392857142857146,76,33,62.25,50.0,12.25,56.0,Veigar
135,Vel'Koz,"[57, 47, 56, 60, 56, 72, 56, 48, 53, 56, 54, 50, 46, 56, 51, 60, 46, 68, 59, 42, 50, 63, 40, 52]",54.083333333333336,72,40,57.5,49.5,8.0,55.0,Vel'Koz
136,Vex,"[67, 56, 68, 75, 59, 67, 48, 57, 68, 71, 67, 59, 51, 61, 53, 49, 61, 72, 42, 62, 60, 53, 59, 53, 50, 47, 58, 52, 52, 55, 63, 54, 53, 35, 48, 57, 29, 47, 64, 65, 67, 58, 61, 41, 47, 62, 29, 33, 35, 60, 53, 53, 52, 44, 46, 59, 37, 50, 63, 41, 67, 52, 76, 61, 44, 76, 52, 54, 46, 48, 51, 50, 58, 49, 32, 63, 55, 63, 66, 55, 70, 50, 67, 63, 54, 60, 46, 60, 56, 63, 56, 61, 56, 47, 29, 63, 71, 61, 53, 66, 56, 54, 50, 56, 66, 57, 63, 68, 45, 66, 60, 50, 43]",55.415929203539825,76,29,63.0,50.0,13.0,56.0,Vex
137,Vi,"[62, 52, 63, 53, 55, 70, 63, 69, 53, 44, 60, 55, 68, 61, 54, 59, 58, 48, 59, 54, 54, 50, 53, 67, 57, 55, 62, 67, 68, 57, 52, 56, 44, 62, 57, 59]",57.77777777777778,70,44,62.0,53.75,8.25,57.0,Vi
138,Viego,"[54, 69, 46, 53, 56, 62, 55, 47, 50, 53, 58, 41, 65, 52, 55, 53, 76, 50, 76, 53, 62, 59, 40, 43, 53, 50, 59, 64, 53, 67, 51, 56, 41, 49, 56, 73, 45, 48, 62, 52, 61, 57, 47, 35, 58, 48, 57, 45, 55, 49, 48, 41, 63, 51, 56, 52, 47, 46, 55, 53, 50, 70, 50, 55, 38, 52, 63, 58, 67, 52, 38, 68, 50, 49, 57, 52, 61, 63, 52, 35, 56, 39, 56, 48, 51, 39, 56, 33, 57, 53, 50, 64, 52, 54, 52, 61, 61, 55, 54, 56, 51, 52, 69, 68, 52, 68, 56, 61, 54, 44, 63, 59, 65, 50, 50, 61, 50, 66, 61, 64, 65, 62, 41, 40, 44, 74, 69, 56, 50, 43, 50, 52, 50, 41, 61, 47, 57, 50, 45, 58, 58, 33, 42, 52, 43, 52, 53, 48, 53, 48, 53, 42, 47, 33, 50, 55, 54, 70, 52, 53, 54, 54, 50, 63, 43, 56, 55, 56, 50, 50, 60, 32, 53, 48, 55, 39, 54, 43, 43, 70, 61, 55, 61, 68, 62, 60, 49, 53, 48, 55, 54, 45, 61, 62, 48, 65, 54, 73, 53, 51, 53, 59, 50, 55, 56, 44, 54, 54, 54, 55, 52, 59, 55, 57, 73, 48, 67, 53, 60, 50, 48, 53, 60, 53, 52, 68, 52, 22, 22, 31, 49, 58, 61, 47, 61, 68, 69, 71, 54]",53.72803347280335,76,22,59.0,49.5,9.5,53.0,Viego
139,Viktor,"[50, 74, 51, 57, 55, 46, 56, 50, 53, 65, 50, 61, 70, 53, 63, 65, 66, 57, 44, 62, 53, 59, 53, 76, 44, 63, 47, 55, 67, 63, 31, 52, 71, 55, 63, 66, 58, 53, 58, 67, 52, 59, 59, 81, 61, 44, 72, 67, 60, 60, 45, 65, 67, 56, 52, 36, 44, 58, 50, 55, 56, 59, 49, 62, 52, 61, 66, 35, 56, 36, 58, 58, 50, 45, 47, 44, 56, 43, 65, 59, 71, 52, 53, 47, 51, 50, 67, 50, 65, 41, 52, 48, 58, 61, 47, 63, 63, 69, 52, 56, 58, 38, 62, 59, 56, 67, 56, 71, 69, 55, 56, 61, 47, 48, 61, 53, 51, 62, 47, 53, 67, 46, 55, 50, 55, 35, 59, 46, 28, 44, 73, 67, 63, 60, 70, 73, 55, 57, 55, 56, 60, 59, 46, 70, 60, 43, 60, 63, 59, 64, 60, 58, 45, 59, 48, 58, 32, 32, 57, 52, 64, 54, 52, 59, 61, 50, 41, 62, 59, 33, 48, 61, 63, 45, 58, 49, 55, 38, 52, 62, 52, 56, 44, 62, 56, 56, 34, 63, 52, 57, 63, 52, 49, 47, 59, 71, 70, 56, 48, 58, 36, 50, 63, 74, 56, 57, 46, 62, 58, 46, 47, 52, 50, 63, 71, 45]",55.52777777777778,81,28,62.0,50.0,12.0,56.0,Viktor
140,Vladimir,"[53, 46, 40, 60, 38, 56, 64, 71, 56, 57, 66, 48, 56, 52, 51, 55, 54, 55, 54, 52, 59, 78, 52, 45, 56, 54, 51, 70, 35, 73, 54, 48, 52, 63, 51, 55, 53, 38, 68, 52, 63, 57, 52, 38, 52, 53, 68, 70, 57, 74, 54, 55, 50, 48, 56, 55, 62, 58, 67, 67, 68, 57, 52, 66, 66, 54, 53, 45, 52, 43, 65, 55, 48, 65]",55.891891891891895,78,35,62.75,52.0,10.75,55.0,Vladimir
141,Volibear,"[68, 66, 62, 75, 76, 55, 60, 40, 40, 58, 62, 63, 66, 54, 50, 62, 67, 67, 61, 48, 38, 52, 56, 67, 67, 47, 55, 46, 54, 58, 55, 48, 61, 63, 44, 72, 40, 64, 67, 63, 52, 53, 44, 57, 60]",57.4,76,38,64.0,52.0,12.0,58.0,Volibear
142,Warwick,"[54, 29, 48, 62, 76, 54, 48, 58, 54, 66, 58, 53, 62, 61, 52, 51, 53, 50, 38]",54.05263157894737,76,29,59.5,50.5,9.0,54.0,Warwick
143,Wukong,"[53, 48, 60, 58, 59, 78, 52, 65, 63, 59, 69, 58, 58, 55, 69, 53, 56, 56, 45, 63, 50, 54, 65, 58, 57, 61, 41, 51, 48, 67, 45, 62, 51, 32, 56, 83, 52]",57.027027027027025,83,32,62.0,52.0,10.0,57.0,Wukong
144,Xayah,"[66, 59, 47, 59, 67, 50, 65, 54, 68, 59, 55, 59, 65, 63, 70, 42, 55, 42, 61, 65, 66, 55, 54, 47, 43, 61, 50]",57.2962962962963,70,42,65.0,52.0,13.0,59.0,Xayah
145,Xerath,"[50, 60, 47, 60, 50, 33, 57, 50, 52, 59, 65, 57, 44, 53, 51, 68, 56, 49, 67, 73, 64, 58, 50, 48, 53, 63, 38, 58, 48, 50, 61, 52, 50, 63, 64, 52, 54, 50, 62, 68, 50, 24, 67, 53, 50, 24, 65, 48, 47, 54, 43, 53, 50, 48, 46, 53, 53, 51, 47, 61, 67, 60, 48, 50, 57, 50, 61, 65, 41, 51, 46, 64, 44, 56, 50, 49]",53.328947368421055,73,24,60.0,49.0,11.0,52.0,Xerath
146,Xin Zhao,"[37, 50, 48, 62, 56, 52, 63, 61, 65, 65, 66, 56, 71, 67, 71, 47, 56, 46, 42, 63, 52, 50, 65, 63, 55, 69, 51, 58, 83, 65, 45, 69, 50, 75, 60, 61, 51, 64, 64, 77, 50, 59, 60, 50, 52, 71, 53, 38, 67, 60, 64, 50, 52, 48, 62, 58, 58, 72, 58, 70, 46, 44, 52, 62, 62, 56, 53, 52, 63, 59, 60, 32, 76, 54, 54, 58, 47, 45, 50, 50, 25, 68, 53, 56, 61, 65, 59, 62, 61, 50, 56, 70, 79, 54, 61, 76, 76, 50, 76, 60, 56]",58.13861386138614,83,25,64.0,51.0,13.0,58.0,Xin Zhao
147,Yasuo,"[52, 40, 59, 56, 67, 39, 60, 50, 47, 47, 55, 51, 56, 64, 58, 52, 59, 31, 59, 48, 61, 71, 71, 52, 68, 40, 44, 52, 56, 54, 48, 58, 54, 59, 53, 35, 48, 67, 40, 69, 56, 52, 37, 60, 52, 47, 48, 67, 58, 57, 57, 80, 46, 38, 69, 35, 50, 55, 66, 35, 47, 64, 35, 58, 60, 51, 49, 38, 67, 54, 65, 54, 57, 52, 55, 54, 63, 51, 60, 59, 52, 68, 48, 59, 65, 50, 57, 55, 42, 50, 36, 58, 60, 43, 60, 39, 50, 62, 63, 50, 44, 41, 45, 76, 59, 48, 55, 53, 39, 47, 56, 45, 50, 63, 61, 55, 50, 62, 52, 55, 47, 65]",53.631147540983605,80,31,59.75,48.0,11.75,54.0,Yasuo
148,Yone,"[57, 65, 80, 44, 45, 54, 57, 67, 52, 51, 65, 55, 58, 51, 45, 56, 50, 49, 60, 48, 67, 63, 56, 59, 50, 66, 57, 58, 48, 41, 52, 59, 68, 42, 55, 50, 51, 50, 53, 57, 55, 64, 56, 59, 61, 63, 47, 58, 67, 55, 76, 55, 50, 58, 72, 56, 56, 57, 79, 52, 55, 69, 38, 56, 78, 48, 53, 57, 67, 59, 44, 33, 61, 42, 42, 67, 63, 62, 68, 55, 63, 53, 38, 66, 40, 53, 53, 47, 66, 44, 39, 58, 45, 70, 49, 53, 56, 65, 49, 56, 24, 40, 50, 61, 63, 50, 55, 44, 65, 71, 42, 47, 55, 50, 88, 63, 63, 45, 64, 50, 54, 63, 48, 63, 59, 48, 50, 58, 50, 53, 52, 39, 69, 33, 50, 50, 50]",55.22627737226277,88,24,63.0,50.0,13.0,55.0,Yone
149,Yorick,"[54, 41, 63, 60, 58, 53, 56, 64, 60, 57, 69, 66, 45, 62, 44, 52, 48, 52, 52, 55, 64]",55.95238095238095,69,41,62.0,52.0,10.0,56.0,Yorick
150,Yuumi,"[44, 48, 66, 56, 67, 51, 55, 44, 29, 72, 39, 56, 45, 50, 52, 45, 51, 70, 41, 62, 60, 56, 55, 65, 62, 48, 57, 60, 67, 62, 76, 65, 53, 54, 53, 57, 59, 46, 40, 72, 52, 56, 44, 72, 50, 58, 49, 47, 48, 62, 53, 52, 63, 52, 59, 60, 57, 65, 45, 71, 56, 62, 41, 41, 59, 52, 48, 71, 47, 59, 54, 73, 54, 62, 49, 53, 48, 48, 38, 67, 54, 40, 38, 53, 56, 50, 53, 38, 40, 74, 49, 54, 51, 44, 53, 50, 63, 61, 51, 53, 48, 51, 60, 63, 42, 71, 56, 55, 43, 53, 48, 58, 52, 55, 55, 72, 45, 55, 66, 36, 49, 53, 57, 60, 58, 45, 88, 50]",54.5,88,29,60.0,48.0,12.0,53.5,Yuumi
151,Zac,"[56, 55, 66, 66, 64, 36, 51, 63, 58, 56, 66, 56, 49, 61, 61, 53, 65, 58, 54, 53, 61, 57, 58, 50, 54, 72, 65, 43, 50, 63, 64, 68, 62, 44, 72, 42, 55, 59, 50, 71, 50, 55, 62, 45, 56, 73, 42, 60, 64, 67, 59, 36, 50, 56, 64, 37, 60, 57, 59, 58, 51]",56.85245901639344,73,36,63.0,51.0,12.0,58.0,Zac
152,Zed,"[56, 50, 57, 61, 59, 47, 56, 57, 61, 56, 62, 53, 57, 42, 53, 61, 58, 48, 48, 62, 52, 55, 55, 50, 50, 44, 60, 56, 69, 52, 61, 71, 53, 49, 62, 56, 61, 75, 57, 48, 75, 52, 63, 56, 53, 63, 61, 57, 56, 42, 57, 61, 70, 55, 58, 69, 53, 57, 59, 61, 60, 50, 44, 64, 57, 50, 46, 50, 57, 44, 46, 47, 37, 58, 60, 57, 57, 49, 47, 55, 67, 67, 57, 67, 62, 58, 50, 56, 71, 43, 46, 46, 67, 56, 69, 65, 72, 50, 67, 55, 54, 47, 75, 65, 59, 52, 52, 57, 53, 47, 55, 55, 59, 48, 50, 61, 62, 66]",56.44915254237288,75,37,61.0,50.0,11.0,56.5,Zed
153,Zeri,"[53, 56, 47, 61, 67, 52, 67, 58, 59, 68, 63, 48, 57, 67, 77, 50, 61, 65, 54, 50, 51, 59, 51, 67, 45, 63, 44, 48, 65, 67, 59, 47, 48, 52, 69, 57, 65, 58, 66, 63, 75, 48, 74, 61, 61, 65, 77, 65, 61, 58, 62, 54, 70, 58, 73, 54, 60, 67, 60, 53, 44, 73, 67, 76, 60, 60, 65, 50, 52, 50, 70, 57, 61, 67, 52, 71, 53, 61, 53, 78, 53, 57, 43, 45, 31, 55, 53, 60, 67, 67, 63, 68, 52, 74, 43, 47, 59, 75, 58, 60, 59, 63, 56, 48, 47, 70, 57, 55, 56, 71, 55, 52, 77, 53, 50, 68, 47, 47, 53, 44, 47, 58, 67, 75, 59, 63, 53, 18, 87, 77, 65, 54, 40, 70, 69, 55, 60, 42, 63, 60, 55, 56, 70, 62, 73, 59, 57, 68, 45, 47, 54, 60, 53, 51, 73, 65, 62, 62, 59, 55, 47, 50, 45, 42, 60, 55, 57, 54, 65, 38, 44, 59, 56, 72, 51, 50, 55, 56, 50, 46, 56, 90, 58, 58, 59, 47, 69, 68, 59, 39, 71, 65, 45, 67, 63, 55, 58, 63, 58, 56, 50, 47, 88, 57, 65, 67, 54, 61, 58, 57, 59, 43, 40, 58, 43, 56, 80, 58, 48, 75, 45, 57, 70, 71, 52, 79, 59, 67, 38, 40, 48, 48, 48, 52, 79, 31, 57, 56]",58.16386554621849,90,18,65.0,52.0,13.0,58.0,Zeri
154,Ziggs,"[61, 46, 59, 52, 60, 50, 76, 55, 58, 45, 56, 59, 59, 63, 42, 61, 42, 33, 54, 63, 57, 63, 60, 42, 69, 54, 63, 67, 47, 67, 52, 44, 55, 67, 63, 56]",56.111111111111114,76,33,63.0,51.5,11.5,57.5,Ziggs
155,Zilean,"[36, 63, 54, 71, 66, 56, 58, 57, 50, 68, 54, 42, 60, 48, 53, 55, 65, 45, 61, 39, 48, 81, 54, 62, 57, 61, 52, 45, 51, 53, 56, 65, 52, 76, 41, 61, 58, 47, 44, 51, 56, 60, 46, 60, 56, 46, 67, 51, 49, 45, 70, 32, 51, 50, 52, 48, 48, 64]",54.60344827586207,81,32,60.75,48.0,12.75,54.0,Zilean
156,Zoe,"[68, 61, 51, 45, 56, 54, 38, 52, 63, 53, 52, 50, 59, 55, 67, 29, 65, 66, 32, 49, 62, 56, 61, 67, 57, 64, 61, 59, 62, 59, 48, 67, 62, 53, 59, 75, 56, 57, 53, 81, 59, 67, 67, 64, 53, 76, 50, 39]",57.479166666666664,81,29,64.0,52.75,11.25,59.0,Zoe
157,Zyra,"[44, 47, 50, 55, 62, 48, 72, 61, 41, 42, 47, 58, 59, 65, 55, 57, 50, 50, 63, 63, 48, 42, 69, 54, 65, 60, 52, 52, 50, 58, 75, 63, 53]",55.45454545454545,75,41,62.0,50.0,12.0,55.0,Zyra
